language,version,stocknumber,filesetid,type,script,iso639
Abidji,The New Testament in Abiji,N2ABI/WBT,ABIWBTN2DA,audio_drama,Latn,abi
Achagua,New Testament in Achagua,P2ACA/WBT,ACAWBTP2DA,audio_drama,Latn,aca
Gikyode,Gikyode 2001 Edition,N2ACD/WBT,ACDWBTN2DA,audio_drama,Latn,acd
Achinese,1997 Today's Aceh Version,N2ACE/IBS,AC1IBSN2DA,audio_drama,Latn,ace
Saint Lucian Creole French,The New Testament in St. Lucian Creole,N2DOM/BEC,DOMBECN2DA,audio_drama,Latn,acf
Acoli,Acholi 1985 Edition,N2ACH/BSU,ACHBSUN2DA,audio_drama,Latn,ach
Standard Arabic,"Arabic Al Sharif, Iraqi Accent ",N2ACM/ASV,ACMAS3N2DA,audio_drama,Arab,arb
Achang,Ngochang 2004 Edition,N2ACN/BSM,ACNBSMN2DA,audio_drama,Latn,acn
Achi,2009 Edition (New Alphabet),N2ACR/WBT,ACRWB1N2DA,audio_drama,NULL,acr
Achi,2009 Edition (Traditional),N2ACR/WBT,ACRWBTN2DA,audio_drama,Latn,acr
Achuar-Shiwiar,Achuar-Shiwiar 1994 Edition,N2ACU/TBL,ACUTBLN2DA,audio_drama,Latn,acu
Adangme,The Bible in the Dangme language,N2DGM/BSG,DGMBSGN2DA,audio_drama,NULL,ada
Adele,Adele 1996 Edition,N2ADE/TBL,ADETBLN2DA,audio_drama,Latn,ade
Adhola,Dhopadhola 2002 Edition,N2ADH/BSU,ADHBSUN2DA,audio_drama,NULL,adh
Adioukrou,Adioukrou 1998 Edition,N2ADJ/WBT,ADJWBTN2DA,audio_drama,Latn,adj
Adyghe,Adyghe Portions,P2ADY/IBT,ADYIBTP2DA,audio_drama,Cyrl,ady
Saidi Arabic,"Portions of the Bible in Sa’idi Egyptian, Colloquial Upper Egyptian ",P2AEC/EBS,AECEBSP2DA,audio_drama,NULL,aec
Agutaynen,The New Agreement Agutaynen Bible,N2AGN/WPS,AGNWPSN2DA,audio_drama,Latn,agn
Aguaruna,Aguaruna 2005 Edition,N2AGR/TBL,AGRTBLN2DA,audio_drama,Latn,agr
Aguacateco,(Asociación Educativa y Cultural Maya) Portions of the Bible in Awakateko ,P2AGU/AEM,AGUAEMP2DA,audio_drama,Latn,agu
Akha,Akha 2001 Edition,N2AHK/TBS,AHKTBSN2DA,audio_drama,NULL,ahk
Igo,Portions of the Bible in Igo,P2AHL/ABT,AHLABTP2DA,audio_drama,NULL,ahl
Arosi,Arosi 2004 Edition,N2AIA/WYI,AIAWYIN2DA,audio_drama,Latn,aia
Akan,The New Testament in Akuapem,N2TWS/BSG,AK1BSGN2DA,audio_drama,Latn,aka
Akan: Fante,The New Testament in Fante,N2TWS/FAN,AK3FANN2DA,audio_drama,NULL,aka
Akan: Asante,ASANTE: 1964 New Testament,N2TWS/ASA,AK2ASAN2DA,audio_drama,NULL,aka
Batak Angkola,Batak Angkola 1991 Edition,N2AKB/LAI,AKBLAIN2DA,audio_drama,Latn,akb
Akawaio,Akawaio 2010 Edition,N2AKE/BSS,AKEBSSN2DA,audio_drama,Latn,ake
Siwu,Siwu 2008 Edition,N2AKP/WBT,AKPWBTN2DA,audio_drama,Latn,akp
Alladian,The New Testament in Alladian,N2ALD/ABC,ALDABCN2DA,audio_drama,NULL,ald
Alangan,Alangan 1989 Edition,N2ALJ/OMF,ALJOMFN2DA,audio_drama,Latn,alj
Alune,The New Testament in Alune,N2ALP/WBT,ALPWBTN2DA,audio_drama,Latn,alp
Southern Altai,"Institute for Bible Translation, Moscow",N2ALT/IBT,ALTIBTN2DA,audio_drama,Cyrl,alt
Alur,Alur 1970 Edition,N2ALZ/BSU,ALZBSUN2DA,audio_drama,Latn,alz
Yanesha',Yanesha' 2014 Edition,N2AME/TBL,AMETBLN2DA,audio_drama,Latn,ame
Hamer-Banna,The New Testament in Banna,N2AMF/SIM,AMFSIMN2DA,audio_drama,Latn,amf
Ambai,The New Testament in Ambai,N2AMK/WBT,AMKWBTN2DA,audio_drama,Latn,amk
Obolo,Obolo 1991 Edition,N2ANN/WBT,ANNWBTN2DA,audio_drama,NULL,ann
Denya,Denya 2010 Edition,N2ANV/WBT,ANVWBTN2DA,audio_drama,Latn,anv
Sudanese Arabic,"Arabic Al Sharif, Sudanese Accent ",N2APD/ASV,APDAS2N2DA,audio_drama,Arab,apd
Pahanan Agta,"The Agta, Pahanan New Testament",N2APF/CMU,APFCMUN2DA,audio_drama,Latn,apf
Arop-Sissano,Portions of the Bible in Arop-Sissano,P2APS/WBT,APSWBTP2DA,audio_drama,NULL,aps
Standard Arabic,Sharif Bible,N2ARB/ASV,ARBAS1N2DA,audio_drama,NULL,arb
Standard Arabic,Good News Version,N2ARB/GNV,ARBGNVN2DA,audio_drama,NULL,arb
Standard Arabic,"Holy Bible, New Arabic Version ™ (Ketab El Hayat ™)",N2ARB/IBS,ARBIBSN2DA,audio_drama,Arab,arb
Standard Arabic,"Van Dyke Version, Egyptian Accent ",N2ARZ/VDV,ARZVDVC2DA,audio_drama,Arab,arb
Standard Arabic,"Van Dyke Version, Egyptian Accent ",N2ARZ/VDV,ARZVDVN2DA,audio_drama,Arab,arb
Standard Arabic,"Van Dyke Version, Egyptian Accent ",O1ARB/VDV,ARZVDVO2DA,audio_drama,Arab,arb
Mapudungun,Mapudungun UBS Edition,N2ARU/SBU,ARUSBUN2DA,audio_drama,Latn,arn
Assamese,The Serampore Assamese Bible,N2ASM/BSI,ASMBSIN2DA,audio_drama,NULL,asm
Ivbie North-Okpela-Arhe,Okphela 2012 Edition,N2ATG/WYI,ATGWYIN2DA,audio_drama,Latn,atg
Aralle-Tabulahan,Aralle-Tabulahan 2004 Edition,N2ATQ/LAI,ATQLAIN2DA,audio_drama,Latn,atq
Waorani,The New Testament in Waorani,N2AUC/WBT,AUCWBTN2DA,audio_drama,Latn,auc
Avaric,Avar New Testament,N2AVA/IBT,AVAIBTN2DA,audio_drama,Cyrl,ava
Avokaya,Avokaya 2002 Edition,N2AVU/WBT,AVUWBTN2DA,audio_drama,NULL,avu
Awadhi,"New India Bible Version ™, Awadhi (Pavithar Bible)",N2AWA/IBS,AWAIBSN2DA,audio_drama,Deva,awa
Awadhi,Awadhi Easy-to-Read Version,N2AWA/WTC,AWAWTCN2DA,audio_drama,Deva,awa
Awa (Papua New Guinea),Awa 2002 Edition,N2AWB/TBL,AWBTBLN2DA,audio_drama,Latn,awb
Ayoreo,Ayoreo 1982 Edition,N2AYO/NTM,AYONTMN2DA,audio_drama,Latn,ayo
North Mesopotamian Arabic,ABT Version,P2AYP/ABT,AYPABTP2DA,audio_drama,Arab,ayp
Azha,Portions of the Azha Bible,P2AZA/ATT,AZAATTP2DA,audio_drama,Latn,aza
North Azerbaijani,The Bible in Azerbaijani,P2AZE/BSA,AZEBSAP2DA,audio_drama,Latn,azj
North Azerbaijani,The Bible in Azerbaijani,N2AZE/BSA,AZEBSAN2DA,audio_drama,Latn,azj
San Pedro Amuzgos Amuzgo,San Pedro Amuzgos Amuzgo 1992 Edition,N2AZG/TBL,AZGTBLN2DA,audio_drama,Latn,azg
North Azerbaijani,"New Testament & Portions of the Bible in  Azerbaijani, North",N2AZE/IBT,AZEIBTN2DA,audio_drama,NULL,azj
Highland Puebla Nahuatl,Highland Puebla Nahuatl 1979 Edition,N2AZZ/TBL,AZZTBLN2DA,audio_drama,NULL,azz
Bashkir,The New Testament in Bashkir,N2BAK/IBT,BAKIBTN2DA,audio_drama,Cyrl,bak
Bambara,The Holy Bible In Bambara,N2BAM/LSB,BAMLSBN2DA,audio_drama,Latn,bam
Bambara,The Holy Bible In Bambara,P2BAM/LSB,BAMLSBP2DA,audio_drama,Latn,bam
Balinese,"Balinese Today's Balinese Version, 1990",N2BAN/IBS,BANIBSN2DA,audio_drama,Latn,ban
Vengo,Vengo 1993 Edition,N2BAV/WBT,BAVWBTN2DA,audio_drama,Latn,bav
Baatonum,Bariba 1996 Edition,N2BBA/BSB,BBABSBN2DA,audio_drama,Latn,bba
Barai,The New Testament in Barai,N2BBB/WBT,BBBWBTN2DA,audio_drama,Latn,bbb
Ghomálá',Ghomala New Testament,N2BBJ/ABC,BBJABCN2DA,audio_drama,NULL,bbj
Central Bikol,Central Bicolano Bikol Popular Version,N2BCL/BPV,BCLBPVN2DA,audio_drama,NULL,bcl
Bench,Bench New Testament,N2BCQ/BSE,BCQBSEN2DA,audio_drama,Ethi,bcq
Bana,The Bible in Bana,N2BCW/WBT,BCWWBTN2DA,audio_drama,NULL,bcw
Bonggi,Portions of the Bible in Bonggi,P2BDG/WYI,BDGWYIP2DA,audio_drama,Latn,bdg
Bahnar,The New Testament in Bahnar,N2BDQ/DVS,BDQDVSN2DA,audio_drama,NULL,bdq
Bemba (Zambia),The Chibemba 1956 Bible,N2BEM/UBS,BEMUBSN2DA,audio_drama,NULL,bem
Bengali,Bengali Mussolmani Version,N2BNG/BBS,BNGBBSN2DA,audio_drama,Beng,ben
Bengali,Bengali Common Language,N2BNG/CLV,BNGCLVN2DA,audio_drama,Beng,ben
Bengali,Bengali Re-edit Old Bangla Version,N2BNG/RBV,BNGRBVN2DA,audio_drama,Beng,ben
Bengali,Bengali Easy-to-Read Version,N2BNG/WTC,BNGWTCN2DA,audio_drama,Beng,ben
Daloa Bété,The New Testament in Bete Daloa,N2BEV/ABU,BEVABUN2DA,audio_drama,NULL,bev
Jur Modo,Jur Modo 1998 Edition,N2BEX/WBT,BEXWBTN2DA,audio_drama,Latn,bex
Bari,The New Testament in Bari,N2BFA/BSS,BFABSSN2DA,audio_drama,Latn,bfa
Bafut,Bafut 1999 Edition,N2BFD/WBT,BFDWBTN2DA,audio_drama,NULL,bfd
Malba Birifor,"Birifor, Northern 1993 Edition",N2BFO/BSB,BFOBSBN2DA,audio_drama,Latn,bfo
Bagheli,Portions of the Bible in Bagheli,P2BFY/WIN,BFYWINP2DA,audio_drama,Deva,bfy
Bagri,Bible in Bagri,P2BGQ/WIN,BGQWINP2DA,audio_drama,Deva,bgq
Bagri,Bible in Bagri,N2BGQ/WIN,BGQWINN2DA,audio_drama,Deva,bgq
Bawm Chin,Bawm Chin 2006 Edition,N2BGR/BBS,BGRBBSN2DA,audio_drama,Latn,bgr
Bhojpuri,The Old Version,N2BHJ/OVV,BHJOVVN2DA,audio_drama,NULL,bho
Bhojpuri,The Revised Old Version,N2BHJ/ROV,BHJROVN2DA,audio_drama,Deva,bho
Bissa,Bissa 2000 Edition,N2BIB/WBT,BIBWBTN2DA,audio_drama,Latn,bib
Bimoba,Bimoba 2001 Edition,N2BIM/WBT,BIMWBTN2DA,audio_drama,NULL,bim
Bini,New Testament in Edo,N2EDO/BSN,EDOBSNN2DA,audio_drama,NULL,bin
Bislama,Bislama Bible Revised Version,P2BIS/BSP,BISBSPP2DA,audio_drama,Latn,bis
Bislama,Bislama Bible Revised Version,N2BIS/BSP,BISBSPN2DA,audio_drama,Latn,bis
Biete,Biate Bible Revision,N2BIU/BSI,BIUBSIN2DA,audio_drama,NULL,biu
Southern Birifor,Southern Birifor 2006 Edition,N2BIV/WBT,BIVWBTN2DA,audio_drama,NULL,biv
Binumarien,Binumarien 1983 Edition,P2BJR/WBT,BJRWBTP2DA,audio_drama,Latn,bjr
Binumarien,Binumarien 1983 Edition,N2BJR/WBT,BJRWBTN2DA,audio_drama,Latn,bjr
Bedjond,Nangnda 2011 Edition,N2BJV/WYI,BJVWYIN2DA,audio_drama,Latn,bjv
Binukid,The New Testament in Binukid,N2BKD/WBT,BKDWBTN2DA,audio_drama,NULL,bkd
Kom (Cameroon),The New Testament in Kom,N2BKM/BSC,BKMBSCN2DA,audio_drama,NULL,bkm
Bekwarra,Bekwarra 1983 Edition,N2BKV/WYI,BKVWYIN2DA,audio_drama,Latn,bkv
Bokyi,The New Testament in Bokyi,N2BKY/BSN,BKYBSNN2DA,audio_drama,Latn,bky
Kuwaa,Belleh 1988 Edition,N2BLH/BSL,BLHBSLN2DA,audio_drama,Latn,blh
Tai Dam,Tai Dam New Testament (2013),N2BLT/EPI,BLTEPIN2DA,audio_drama,Latn,blt
Balantak,"Formal Balantak version, 2010",N2BLZ/LAI,BLZLAIN2DA,audio_drama,Latn,blz
Bomu,Boomu 2012 Edition,N2BMQ/BSM,BMQBSMN2DA,audio_drama,Latn,bmq
Muinane,Muinane 2009 Edition,N2BMR/WBT,BMRWBTN2DA,audio_drama,Latn,bmr
Somba-Siawari,Burum-Mindik New Testament and Portions,P2BMU/PNG,BMUPNGP2DA,audio_drama,Latn,bmu
Somba-Siawari,Burum-Mindik New Testament and Portions,N2BMU/PNG,BMUPNGN2DA,audio_drama,Latn,bmu
Bantoanon,The Bantoanon Bible,P2BNO/WYI,BNOWBTP2DA,audio_drama,Latn,bno
Bantoanon,The Bantoanon Bible,N2BNO/WBT,BNOWBTN2DA,audio_drama,Latn,bno
Bora,The Scriptures in Bora,N2BOA/TBL,BOATBLN2DA,audio_drama,NULL,boa
Anjam,"Anjam New Testament, 2014 revision",N2BOJ/WBT,BOJWBTN2DA,audio_drama,Latn,boj
Tuwuli,Tuwuli 2008 Edition,N2BOV/WBT,BOVWBTN2DA,audio_drama,Latn,bov
Buamu,Buamu 2012 Edition,N2BOX/WYI,BOXWYIN2DA,audio_drama,Latn,box
Koronadal Blaan,Koronadal Blaan 1995 Edition,N2BPR/WYI,BPRWYIN2DA,audio_drama,NULL,bpr
Sarangani Blaan,Sarangani Blaan 1998 Edition,N2BPS/WPS,BPSWPSN2DA,audio_drama,Latn,bps
Boko (Benin),2010 Edition,N2BQC/SIM,BQCSIMN2DA,audio_drama,Latn,bqc
Bandial,The Bible in Bandial,N2BQJ/ATB,BQJATBN2DA,audio_drama,Latn,bqj
Busa,Bisã 2005 Edition,N2BQP/SIM,BQPSIMN2DA,audio_drama,Latn,bqp
Eastern Bru,Eastern Bru 2009 Edition,N2BRU/NXB,BRUNXBN2DA,audio_drama,NULL,bru
Bassa,Bassa 2002 Edition,N2BSQ/LBS,BSQLBSN2DA,audio_drama,NULL,bsq
Akoose,Akoose 2011 Edition,N2BSS/WBT,BSSWBTN2DA,audio_drama,Latn,bss
Basketo,Basketo New Testament,N2BST/BSE,BSTBSEN2DA,audio_drama,Ethi,bst
Batak Simalungun,Batak Simalungun Formal Version 2007,N2BTS/LAI,BTSLAIN2DA,audio_drama,Latn,bts
Batak Karo,"Batak Karo Today's Version, 1987",N2BTX/LAI,BTXLAIN2DA,audio_drama,Latn,btx
Ntcham,Bassar Ntcham 2008 Edition,N2BUD/IBS,BUDIBSN2DA,audio_drama,Latn,bud
Bulgarian,Bulgarian Protestant Revised Bible,N2BUL/BBS,BULBBSN2DA,audio_drama,Cyrl,bul
Bokobaru,Bokobaru 2005 Edition,N2BUS/SIM,BUSSIMN2DA,audio_drama,NULL,bus
Bauzi,Bauzi 2008 Edition,N2BVZ/YSS,BVZYSSN2DA,audio_drama,Latn,bvz
Southern Bobo Madaré,Southern Bobo Madaré 2004 Edition,N2BWQ/BSB,BWQBSBN2DA,audio_drama,Latn,bwq
Bura-Pabir,The New Testament in Bura,N2BWR/BSN,BWRBSNN2DA,audio_drama,NULL,bwr
Buli (Ghana),Buli (Ghana) 1995 Edition,N2BWU/TBL,BWUTBLN2DA,audio_drama,NULL,bwu
Bangala,The New Testament in Bangala,N2BXG/DRC,BXGDRCN2DA,audio_drama,NULL,bxg
Bukusu,The New Testament in Bukusu 2002 Edition,N2BXK/BSK,BXKBSKN2DA,audio_drama,Latn,bxk
Medumba,The New Testament in Medumba,N2BYV/ABC,BYVABCN2DA,audio_drama,NULL,byv
Bandi,Bandi New Testament,N2BZA/BSL,BZABSLN2DA,audio_drama,NULL,bza
Bribri,Common Language (Popular Version),N2BZD/UBS,BZDUBSN2DA,audio_drama,NULL,bzd
Mapos Buang,"Buang, Central New Testament 2003",P2BZH/PNG,BZHPNGP2DA,audio_drama,Latn,bzh
Mapos Buang,"Buang, Central New Testament 2003",N2BZH/PNG,BZHPNGN2DA,audio_drama,Latn,bzh
Bisu,The New Testament in Bisu,P2BZI/WYI,BZIWYIP2DA,audio_drama,Thai,bzi
Belize Kriol English,Belize Kriol English 2012 Edition,N2BZJ/BSW,BZJBSWN2DA,audio_drama,Latn,bzj
Basa (Nigeria),Rubassa 2008 Edition,N2BZW/BSN,BZWBSNN2DA,audio_drama,NULL,bzw
Chortí,Ch'orti'­ 1996 Edition,N2CAA/WBT,CAAWBTN2DA,audio_drama,Latn,caa
Garifuna,Garifuna 2002 Edition,N2CAB/NVS,CABNVSN2DA,audio_drama,Latn,cab
"Chuj, San Mateo Ixtatan",Chuj 2007 Edition,N2CNM/RGB,CNMRGBO2DA,audio_drama,NULL,cac
"Chuj, San Mateo Ixtatan",Chuj 2007 Edition,N2CNM/RGB,CNMRGBN2DA,audio_drama,NULL,cac
Chuj,"Chuj, San Sebastián 1999 Edition",N2CAC/SBG,CACSBGN2DA,audio_drama,NULL,cac
Nivaclé,Nivaclé 1995 Edition,N2CAG/SBP,CAGSBPN2DA,audio_drama,NULL,cag
Kaqchikel,"Cakchiquel, Western 1996 Edition",N2CKW/NVS,CKWNVSN2DA,audio_drama,Latn,cak
Kaqchikel,"Cakchiquel, Central 2003 Edition",N2CAK/SBG,CAKSBGN2DA,audio_drama,Latn,cak
Kaqchikel,Cakchiquel South Central 2007 Edition,N2CKD/WBT,CA1WBTN2DA,audio_drama,Latn,cak
Chipaya,Chipaya 2004 Edition,N2CAP/SBB,CAPSBBN2DA,audio_drama,NULL,cap
Galibi Carib,Kariña 2003 Edition,N2CAR/BSS,CARBSSN2DA,audio_drama,NULL,car
Chiquitano,The New Testament in Chiquitano 2002,N2CAX/SBB,CAXSBBN2DA,audio_drama,NULL,cax
Carapana,Carapana 1992 Edition,N2CBC/WBT,CBCWBTN2DA,audio_drama,Latn,cbc
Chachi,"Genesis, Exodus and the New Testament in Chachi",N2CBI/TBL,CBITBLN2DA,audio_drama,Latn,cbi
Cashibo-Cacataibo,The New Testament in Kakataibo,N2CBR/TBL,CBRTBLN2DA,audio_drama,Latn,cbr
Cashinahua,Junikuin 2008 Edition,N2CBS/BSP,CBSBSPN2DA,audio_drama,Latn,cbs
Chayahuita,Shawi 2011 Edition,N2CBT/TBL,CBTTBLN2DA,audio_drama,Latn,cbt
Candoshi-Shapra,The New Testament in Kandozi,N2CBU/TBL,CBUTBLN2DA,audio_drama,NULL,cbu
Cacua,Cacua 2004 Edition,N2CBV/TBL,CBVTBLN2DA,audio_drama,Latn,cbv
Chopi,Txitxopi 1999 Edition,N2CCE/SBM,CCESBMN2DA,audio_drama,Latn,cce
Cebuano,Cebuano Revised Popular Version,N2CEB/RPV,CEBRPVN2DA,audio_drama,Latn,ceb
Chamacoco,Chamacoco 2000 Edition,N2CEG/NTP,CEGNTPN2DA,audio_drama,Latn,ceg
Chamacoco,Chamacoco 2000 Edition,P2CEG/GGG,CEGGGGP2DA,audio_drama,Latn,ceg
Czech,Ecumenical Translation,N2CZC/CET,CZCCETN2DA,audio_drama,NULL,ces
Falam Chin,Falam Chin 2005 Edition,N2FLM/UBS,FLMUBSN2DA,audio_drama,Latn,cfm
Falam Chin,Falam Chin 2005 Edition,N2FLM/UBS,FLMUBSC2DA,audio_drama,Latn,cfm
Falam Chin,Falam Chin 2005 Edition,O2FLM/UBS,FLMUBSO2DA,audio_drama,Latn,cfm
Gilbertese,Kiribati 2016 Edition,N2GIL/BSP,GILBSPN2DA,audio_drama,Latn,gil
Kagayanen,Kagayanen 2007 Edition,N2CGC/TBL,CGCTBLN2DA,audio_drama,Latn,cgc
Chechen,"2012 Institute for Bible Translation, Moscow",P2CHE/IBT,CHEIBTP2DA,audio_drama,Cyrl,che
Chechen,"2012 Institute for Bible Translation, Moscow",N2CHE/IBT,CHEIBTN2DA,audio_drama,Cyrl,che
Chechen,"2012 Institute for Bible Translation, Moscow",O2CHE/IBT,CHEIBTO2DA,audio_drama,Cyrl,che
Chuvash,New Testament in Chuvash,N2CHV/IBT,CHVIBTN2DA,audio_drama,Cyrl,chv
Ozumacín Chinantec,Ozumacín Chinantec 2003 Edition,N2CHZ/WBT,CHZWBTN2DA,audio_drama,NULL,chz
Northwestern Ojibwa,2008 Canadian Bible Society (Roman),N2OJB/CBS,OJ1CBSN2DA,audio_drama,Latn,ojb
Northwestern Ojibwa,2008 Canadian Bible Society (Syllabic),N2OJB/CBS,OJBCBSN2DA,audio_drama,Cans,ojb
Ashéninka Pajonal,The New Testament in Ashéninka Pajonal,N2CJO/WBT,CJOWBTN2DA,audio_drama,Latn,cjo
Cabécar,Cabécar Traducciones al Cabecar Edition,N2CJP/TJV,CJPTJVN2DA,audio_drama,NULL,cjp
Shor,Portions of the Bible in Shor,P2CJS/IBT,CJSIBTP2DA,audio_drama,Cyrl,cjs
Kaqchikel,"Cakchiquel, Santo Domingo Xenacoj  New Testament",N2CKJ/WBT,CK1WBTN2DA,audio_drama,Latn,cak
Kaqchikel,"Cakchiquel, Santa María de Jesús New Testament",N2CKI/WBT,CKIWBTN2DA,audio_drama,NULL,cak
Anufo,Anufo 2006 Edition,N2CKO/GIL,CKOGILN2DA,audio_drama,Latn,cko
Lealao Chinantec,Lealao Chinantec 2008 Edition,N2CLE/TBL,CLETBLN2DA,audio_drama,NULL,cle
Cerma,Cerma 2011 Edition,N2CME/WBT,CMEWBTN2DA,audio_drama,Latn,cme
Mandarin Chinese,Revised Chinese Union Version,N2CHN/RUV,CHNRUVN2DA,audio_drama,NULL,cmn
Mandarin Chinese,Studium Biblicum Version,N2CHN/SBV,CHNSBVN2DA,audio_drama,Hani,cmn
Mandarin Chinese,Chinese Union Version (Simplified),N2CHN/UNV,CHNUN1N2DA,audio_drama,NULL,cmn
Mandarin Chinese,Chinese Union Version (Simplified),O2CHN/UNV,CHNUN1O2DA,audio_drama,NULL,cmn
Mandarin Chinese,Chinese Union Version (Traditional),N2CHN/UNV,CHNUNVC2DA,audio_drama,Hani,cmn
Mandarin Chinese,Chinese Union Version (Traditional),N2CHN/UNV,CHNUNVN2DA,audio_drama,Hani,cmn
Mandarin Chinese,Chinese Union Version (Traditional),O2CHN/UNV,CHNUNVO2DA,audio_drama,Hani,cmn
Mro-Khimi Chin,The New Testament in Mro-Khimi Chin,N2CMR/WBT,CMRWBTN2DA,audio_drama,Latn,cmr
Hakha Chin,Hakha Common Language Bible,N2CNH/BSM,CNHBSMN2DA,audio_drama,Latn,cnh
Asháninka,Asháninca 2006 Edition,N2CNI/WBT,CNIWBTN2DA,audio_drama,Latn,cni
Matu Chin,Khumi Chin 2005 Edition,N2HLT/BSM,CNKBSMN2DA,audio_drama,Latn,hlt
Lalana Chinantec,Chinanteco de Lalana New Testament,N2CNL/WBT,CNLTBLN2DA,audio_drama,NULL,cnl
Tepetotutla Chinantec,Tepetotutla Chinantec 1994 Edition,N2CNT/TBL,CNTTBLN2DA,audio_drama,NULL,cnt
Ngawn Chin,The Ngawn New Testament,N2CNW/BSM,CNWBSMN2DA,audio_drama,NULL,cnw
Koreguaje,Koreguaje 2007 Edition,N2COE/WBT,COEWBTN2DA,audio_drama,Latn,coe
Colorado,Colorado Bible,N2COF/WBT,COFWBTN2DA,audio_drama,Latn,cof
Santa Teresa Cora,Santa Teresa Cora WBT Edition,N2COK/WBT,COKWBTN2DA,audio_drama,Latn,cok
Cofán,Cofán 1998 Edition,N2CON/WBT,CONWBTN2DA,audio_drama,NULL,con
Caquinte,Caquinte 2005 Edition,N2COT/TBL,COTTBLN2DA,audio_drama,Latn,cot
Ucayali-Yurúa Ashéninka,Ucayali-Yura Ashninka New Testament,N2CPB/WBT,CPBWBTN2DA,audio_drama,Latn,cpb
Pichis Ashéninka,New Testament in Asheninka Pichis,N2CPU/WBT,CPUWBTN2DA,audio_drama,Latn,cpu
El Nayar Cora,The Bible in El Nayar,N2CRN/WBT,CRNWBTN2DA,audio_drama,Latn,crn
Jola-Kasa,Jola-Kasa 2008 Edition,N2CSK/ATB,CSKATBN2DA,audio_drama,NULL,csk
Sochiapam Chinantec,Sochiapam Chinantec 1986 Edition,N2CSO/TBL,CSOTBLN2DA,audio_drama,Latn,cso
Tedim Chin,Common Language Version,N2CTD/TEV,CT1TEVN2DA,audio_drama,Latn,ctd
Emberá-Catío,Ember-Catio WBT Version,P2CTO/WYI,CTOWYIP2DA,audio_drama,Latn,cto
Chol,The Bible in Chol Tumbala,N2CTU/BSM,CTUBSMN2DA,audio_drama,Latn,ctu
Usila Chinantec,Usila Chinantec 1994 Edition,N2CUC/TBL,CUCTBLN2DA,audio_drama,Latn,cuc
Cuiba,Cuiba 1987 Edition,N2CUI/WBT,CUIWBTN2DA,audio_drama,Latn,cui
San Blas Kuna,The New Testament in San Blas Kuna,N2CUK/NVS,CUKNVSN2DA,audio_drama,NULL,cuk
Culina,The Bible in Culina,N2CUL/WBT,CULWBTN2DA,audio_drama,Latn,cul
Kwere,The New Testament in Kwere,N2CWE/PBT,CWEPBTN2DA,audio_drama,Latn,cwe
Kuwaataay,Kwatay 2000 Edition,N2CWT/ATB,CWTATBN2DA,audio_drama,NULL,cwt
Nopala Chatino,Nopala Chatino 2000 Edition,N2CYA/AVV,CYAAVVN2DA,audio_drama,Latn,cya
Welsh,Revised New Welsh Bible,N2WLS/BCN,WLSBCNN2DA,audio_drama,Latn,cym
Dangaléat,Dangaléat 2012 Edition,N2DAA/WYI,DAAWYIN2DA,audio_drama,Latn,daa
Dagbani,Dagbani 2007 Edition,N2DAG/BSG,DAGBSGN2DA,audio_drama,NULL,dag
Gwahatike,The New Testament in Gwahatike,N2DAH/PNG,DAHPNGN2DA,audio_drama,Latn,dah
Ida'an,Portions of the Bible in Begak,P2DBJ/WBT,DBJWBTP2DA,audio_drama,Latn,dbj
Dendi (Benin),The New Testament in Dendi,N2DDN/BIV,DDNBIVN2DA,audio_drama,Latn,ddn
Desano,Desano 1984 Edition,N2DES/WBT,DESWBTN2DA,audio_drama,Latn,des
Southern Dagaare,Southern Dagaare New Testament,N2DGA/BSG,DGABSGN2DA,audio_drama,Latn,dga
Northern Dagara,Northern Dagara 2004 Edition,N2DGI/ABB,DGIABBN2DA,audio_drama,NULL,dgi
Didinga,Didinga New Testament,N2DID/WBT,DIDWBTN2DA,audio_drama,Latn,did
Southwestern Dinka,"Dinka, Rek 2006 Edition",N2DIK/TBL,DIKTBLN2DA,audio_drama,Latn,dik
Northeastern Dinka,"Dinka, Padang  2009 Edition",N2DIP/BSS,DIPBSSN2DA,audio_drama,NULL,dip
Zarma,The New Testament in Zarma,N2DJE/ABC,DJEABCN2DA,audio_drama,NULL,dje
Eastern Maroon Creole,Aukaans 1999 Edition,N2DJK/WBT,DJKWBTN2DA,audio_drama,NULL,djk
Dan East,Dan EAST: 1991 Edition,N2DAF/EST,DA1ESTN2DA,audio_drama,Latn,dnj
Dan West,Dan WEST: 1994 Edition,N2DAF/WST,DA2WSTN2DA,audio_drama,Latn,dnj
Lukpa,Lokpa 2001 Edition,N2DOP/BSB,DOPBSBN2DA,audio_drama,NULL,dop
Doyayo,The New Testament in Doyayo,N2DOW/ABC,DOWABCN2DA,audio_drama,NULL,dow
Daasanach,The New Testament in Daasanach,N2DSH/BTL,DSHBTLN2DA,audio_drama,Latn,dsh
Kadazan Dusun,The New Testament in Coastal Kadazan,N2KZJ/AKK,KZJAKKN2DA,audio_drama,Latn,dtp
Kadazan Dusun,Today's Dusun Version Revised,N2DTP/BSM,DTPBSMN2DA,audio_drama,Latn,dtp
Toro So Dogon,Toro So Dogon 1995 Edition,N2DTS/ABM,DTSABMN2DA,audio_drama,NULL,dts
Duala,Douala 2006 Edition,N2DUA/ABC,DUAABCN2DA,audio_drama,NULL,dua
Duruma,The Bible in Duruma,N2DUG/BTL,DUGBTLN2DA,audio_drama,Latn,dug
Dii,Dii New Testament,N2DUR/ABC,DURABCN2DA,audio_drama,Latn,dur
Dawro,Dawro 2009 Edition,N2DWR/TBL,DWRTBLN2DA,audio_drama,Latn,dwr
Djimini Senoufo,Djimini Senoufo 2015 Edition,N2DYI/IBS,DYIIBSN2DA,audio_drama,Latn,dyi
Jola-Fonyi,Jola-Fonyi 2011 Edition,N2DYO/BSG,DYOBSGN2DA,audio_drama,Latn,dyo
Dyula,Jula 1996 Edition,N2DYU/BSB,DYUBSBN2DA,audio_drama,NULL,dyu
Dzongkha,Dzongkha 2012 Edition,N2DZO/EHP,DZOEHPN2DA,audio_drama,Tibt,dzo
Ebrié,The New Testament in Ebrie,N2EBR/ABC,EBRABCN2DA,audio_drama,NULL,ebr
Embu,Kiembu-Kimbeere Bible,N2EBU/BSK,EBUBSKN2DA,audio_drama,NULL,ebu
Efik,The New Testament in Efik (1985 Edition),N2EFK/BSN,EFKBSNN2DA,audio_drama,NULL,efi
Eggon,The New Testament in Eggon,N2EGO/BSN,EGOBSNN2DA,audio_drama,NULL,ego
Ekajuk,Ekajuk 2012 Edition,N2EKA/WYI,EKAWYIN2DA,audio_drama,Latn,eka
Eleme,Eleme New Testament and Psalms,N2ELM/BSN,ELMBSNN2DA,audio_drama,NULL,elm
Northern Emberá,Wycliffe Bible Translators Inc.,N2EMP/WYI,EMPWYIN2DA,audio_drama,Latn,emp
Apali,Portions of the Bible in Apal,P2ENA/PBT,ENAPBTP2DA,audio_drama,Latn,ena
Markweeta,Markweeta 2008 Edition,N2ENB/BTL,ENBBTLN2DA,audio_drama,NULL,enb
English,Contemporary English Version,N2CEV,ENGCEVN2DA,audio_drama,Shaw,eng
English,Contemporary English Version,N2CEV,ENGCEVC2DA,audio_drama,Shaw,eng
English,Contemporary English Version,C2CEV,ENGCEVO2DA,audio_drama,Shaw,eng
English,English Standard Version,N2ESV,ENGESVN2DA,audio_drama,Latn,eng
English,English Standard Version,C2EKIDZ,ENGEKIS2DA,audio_drama,Latn,eng
English,English Standard Version,C2ESV,ENGESVO2DA,audio_drama,Latn,eng
English,Good News Bible,N2AUS/GNB,AUSGNBN2DA,audio_drama,Shaw,eng
English,Good News Bible,N2ENG/GNB,EN1GNBN2DA,audio_drama,Shaw,eng
English,King James Version,N2KJV,ENGKJVN2DA,audio_drama,Latn,eng
English,King James Version,C2KJV,ENGKJVO2DA,audio_drama,Latn,eng
English,New American Bible,N2NAB,ENGNABN2DA,audio_drama,Latn,eng
English,"KIDS - Holy Bible, New International Reader’s Version ™, NIrV ™",C2NIRV,ENGNIRC2DA,audio_drama,Shaw,eng
English,"Holy Bible, New International Version®",N2NIV,ENGNIVN2DA,audio_drama,Shaw,eng
English,"Holy Bible, New International Version®",C2NIV,ENGNIVO2DA,audio_drama,Shaw,eng
English,New Revised Standard Version,N2NRS,ENGNRSN2DA,audio_drama,Shaw,eng
English,New Revised Standard Version,C2NRS,ENGNRSO2DA,audio_drama,Shaw,eng
English,World English Bible (FCBH Audio),N2WEB,ENGWEBN2DA,audio_drama,Latn,eng
Enxet,The Bible in Enxet (2015 Edition),N2ENX/BSP,ENXBSPN2DA,audio_drama,Latn,enx
Ese Ejja,The New Testament in Ese Ejja (2006 Edition),N2ESE/NTM,ESENTMN2DA,audio_drama,Latn,ese
Northwest Alaska Inupiatun,Northwest Alaska Inupiatun 1997 Edition,P2ESK/WBT,ESKWBTP2DA,audio_drama,Latn,esk
Ejagham,The New Testament in Ejagham,N2ETU/BSC,ETUBSCN2DA,audio_drama,NULL,etu
Basque,The Bible in Euskara,N2EUS/EAB,EUSEABN2DA,audio_drama,Latn,eus
Ewe (Ghana),Ewe 2010 Edition,N2EWE/BSG,EWEBSGN2DA,audio_drama,Latn,ewe
Ewe (Ghana),"Agbenya La (Holy Bible, Ewé Version) (Togo)",N2EWE/IBS,EWEIBSN2DA,audio_drama,Latn,ewe
South Fali,South Fali 1975 Edition,N2FAL/TBL,FALTBLN2DA,audio_drama,Latn,fal
Fang (Equatorial Guinea),The New Testament in Fang,N2FAN/BSG,FANBSGN2DA,audio_drama,NULL,fan
Maasina Fulfulde,The New Testament in Maasina Fulfulde,N2FFM/TBL,FFMTBLN2DA,audio_drama,Latn,ffm
Fijian,Fijian New Version,N2FIJ/BSP,FIJBSPN2DA,audio_drama,NULL,fij
Far Western Muria,Portions of the Bible in Gaita Koitor,P2FMU/WIN,FMUWINP2DA,audio_drama,Deva,fmu
Fon,AKƆJIJƐYƆ̌YƆ́ Ɔ́ WÉMAMA,N2FON/BSB,FONBSBN2DA,audio_drama,Latn,fon
French,The Word of Life Bible,N2FRN/PDV,FRNPDVN2DA,audio_drama,NULL,fra
Adamawa Fulfulde,The New Testament in Adamawa Fulfulde (Nigeria),N2FUB/BSN,FUBBSNN2DA,audio_drama,NULL,fub
Adamawa Fulfulde,Adamawa Fulfulde 1995 Edition (Cameroon),N2FUB/ABC,FU1ABCN2DA,audio_drama,NULL,fub
Pulaar,The New Testament in Pulaar,N2FUC/BSS,FUCBS1N2DA,audio_drama,NULL,fuc
Pular,Pular 2011 Edition,N2FUF/PBT,FUFPBTN2DA,audio_drama,Latn,fuf
Central-Eastern Niger Fulfulde,"Fulfulde, Central Eastern Niger New Testament",N2FUQ/WBT,FUQWBTN2DA,audio_drama,Latn,fuq
Ga,The New Testament in Ga,N2GAC/BSG,GACBSGN2DA,audio_drama,NULL,gaa
Guji,"New Testament in Oromo, Borana-Arsi-Guji ",N2GAX/BSE,GAXBSEN2DA,audio_drama,NULL,gax
West Central Oromo,The New Testament in West Central Oromo,N2GAZ/BSE,GAZBSEN2DA,audio_drama,NULL,gaz
Galela,Galela 2002 Edition,N2GBI/LAI,GBILAIN2DA,audio_drama,Latn,gbi
Northern Grebo,Northern Grebo 1989 Edition,P2GBO/LBT,GBOLBTP2DA,audio_drama,Latn,gbo
Northern Grebo,Northern Grebo 1989 Edition,N2GBO/LBT,GBOLBTN2DA,audio_drama,Latn,gbo
Gude,Gude 1999 Edition,N2GDE/WBT,GDEWBTN2DA,audio_drama,Latn,gde
Kire,Fhe Bakimen Kaman Kamej,P2GEB/FBK,GEBFBKP2DA,audio_drama,Latn,geb
Gen,Mina 2004 Edition,N2GEJ/BST,GEJBS2N2DA,audio_drama,NULL,gej
Gagu,The New Testament in Gban,N2GGU/ABC,GGUABCN2DA,audio_drama,NULL,ggu
Gidar,Gidar New Testament,N2GID/ABC,GIDABCN2DA,audio_drama,NULL,gid
South Giziga,The Holy Bible in Giziga,N2GIZ/ABC,GIZABCN2DA,audio_drama,NULL,giz
Gokana,"Holy Bible, Gokana Version New Testament",N2GKN/IBS,GKNIBSN2DA,audio_drama,NULL,gkn
Guinea Kpelle,The New Testament in Kpelle Guinea,N2GKP/ABC,GKPABCN2DA,audio_drama,NULL,gkp
Gilaki,The Gospel of John in Gilaki,P2GLK/GMV,GLKGMVP2DA,audio_drama,Arab,glk
Gamo,Gamo 2009 Edition,N2GMV/TBL,GMVTBLN2DA,audio_drama,Ethi,gmv
Kaansa,The New Testament in Kaansa,N2GNA/WBT,GNAWBTN2DA,audio_drama,Latn,gna
Zulgo-Gemzek,Zulgo-Gemzek 1988 Edition,N2GND/WYI,GNDWYIN2DA,audio_drama,Latn,gnd
Ngangam,Gangam 2011 Edition,N2GNG/WYI,GNGWYIN2DA,audio_drama,Latn,gng
Western Bolivian Guaraní,Western Bolivian Guarani New Testament (1984),S2GNW/NTM,GNWNTMS2DA,audio_drama,Latn,gnw
Western Bolivian Guaraní,Western Bolivian Guarani New Testament (1984),N2GNW/NTM,GNWNTMN2DA,audio_drama,Latn,gnw
Gofa,Gofa 2009 Edition (Ethiopic script),N2GOF/TBL,GO1TBLN2DA,audio_drama,Ethi,gof
Gofa,Gofa 2009 Edition (Latin script),N2GOF/TBL,GOFTBLN2DA,audio_drama,Latn,gof
Gogo,Chigogo 2002 Edition,N2GOG/BST,GOGBSTN2DA,audio_drama,Latn,gog
Gorontalo,"Gorontalo Today's Version, 2010",N2GOR/LAI,GORLAIN2DA,audio_drama,Latn,gor
Gor,Gor 2014 Edition,N2GQR/WBT,GQRWBTN2DA,audio_drama,Latn,gqr
Garo,Garo 2004 Edition,N2GRT/BBS,GRTBBSN2DA,audio_drama,Beng,grt
Southwest Gbaya,Gbaya Southwest 2005 Edition,N2GSO/CAR,GSOCARN2DA,audio_drama,Latn,gso
Guajajára,Guajajảra 2007 Edition,N2GUB/WBT,GUBWBTN2DA,audio_drama,Latn,gub
Wayuu,Wayuu 2002 Edition,N2GUC/TBL,GUCTBLN2DA,audio_drama,NULL,guc
Yocoboué Dida,"Dida, Yocoboué New Testament",N2GUD/BSC,GUDBSCN2DA,audio_drama,Latn,gud
Paraguayan Guaraní,2002 Bible Society of Paraguay,N2GUG/SBP,GUGSBPN2DA,audio_drama,NULL,gug
Paraguayan Guaraní,The New Testament in Paraguayan Guarani,N2GUG/RPV,GUGRPVN2DA,audio_drama,Latn,gug
Guahibo,Guahibo 2002 Edition,N2GUH/WBT,GUHWBTN2DA,audio_drama,NULL,guh
Eastern Bolivian Guaraní,Eastern Bolivian Guaraní 2001 Edition,N2GUI/SBU,GUISBUN2DA,audio_drama,NULL,gui
Gujarati,The Gujarati Old Version,N2GUJ/OVV,GUJOVVN2DA,audio_drama,Gujr,guj
Guambiano,Guambiano 2000 Edition,N2GUM/TBL,GUMTBLN2DA,audio_drama,Latn,gum
Guayabero,Guayabero WBT Edition,N2GUO/WBT,GUOWBTN2DA,audio_drama,NULL,guo
Aché,Aché  LETRA Version,N2GUQ/LPY,GUQLPYN2DA,audio_drama,Latn,guq
Farefare,Frafar 2003 Edition,N2GUR/WBT,GU1WBTN2DA,audio_drama,NULL,gur
Farefare,Farefare 2008 Edition,N2GUR/IBS,GURIBSN2DA,audio_drama,NULL,gur
Gourmanchéma,Gourmanchéma 2003 Edition,N2GUX/ABB,GUXABBN2DA,audio_drama,NULL,gux
Gusii,Ekegusii 1990 Edition,N2GUZ/BSK,GUZBSKN2DA,audio_drama,NULL,guz
Guanano,Guanano 2007 Edition,N2GVC/TBL,GVCTBLN2DA,audio_drama,NULL,gvc
Gulay,Gulei New Testament,N2GVL/ABT,GVLABTN2DA,audio_drama,Latn,gvl
Northwest Gbaya,1995 Bible Society of Cameroon,N2GYA/ABC,GYAABCN2DA,audio_drama,NULL,gya
Ngäbere,Guaymi 2004 Edition,N2GYM/WBT,GYMWBTN2DA,audio_drama,Latn,gym
Guarayu,The New Testament in Guarayu,N2GYR/SBB,GYRSBBN2DA,audio_drama,NULL,gyr
Eastern Oromo,Eastern Oromo 2005 Edition,N2HAE/BSE,HAEBSEN2DA,audio_drama,Latn,hae
Hanga,Hanga 1983 Edition,N2HAG/GIL,HAGGILN2DA,audio_drama,NULL,hag
Hakka Chinese,Today's Taiwanese Hakka Bible,N2HAK/THV,HAKTHVN2DA,audio_drama,Latn,hak
Hakka Chinese,Taiwan Hakka New Testament (Romanised),N2HAK/THV,HA1THVN2DA,audio_drama,Hani,hak
Haitian,Haitian 1999 Edition,N2HAT/SBH,HATSBHN2DA,audio_drama,NULL,hat
Hausa,The New Testament in Hausa,N2HUA/BSN,HUABSNN2DA,audio_drama,Latn,hau
Haya,Ruhaya 2001 Edition,N2HAY/BST,HAYBSTN2DA,audio_drama,Latn,hay
Hadiyya,Hadiyya New Testament,N2HDY/BSE,HDYBSEN2DA,audio_drama,NULL,hdy
Hebrew,Hebrew 1995 Modern Hebrew,N2HBR/HMT,HBRHMTN2DA,audio_drama,Hebr,heb
Hebrew,Hebrew 1995 Modern Hebrew,N2HBR/HMT,HBRHMTC2DA,audio_drama,Hebr,heb
Hebrew,Hebrew 1995 Modern Hebrew,O2HBR/HMT,HBRHMTO2DA,audio_drama,Hebr,heb
Hehe,Kiehe 1999 Edition,N2HEH/BST,HEHBSTN2DA,audio_drama,Latn,heh
Fiji Hindi,Fiji Hindi BSSP Edition,N2HIF/BSP,HIFBSPN2DA,audio_drama,NULL,hif
Kamwe,Higgi 1997 Edition,N2HIG/TBL,HIGTBLN2DA,audio_drama,NULL,hig
Hiligaynon,Hiligaynon 1983 Popular Version,N2HIL/HPV,HILHPVN2DA,audio_drama,Latn,hil
Hindi,Hindi 2007 Easy-to-Read Version,N2HND/WTC,HNDWTCN2DA,audio_drama,Deva,hin
Chhattisgarhi,Chhattisgarhi New Testament,N2HNE/BGC,HNEBGCN2DA,audio_drama,Deva,hne
Hanunoo,Hanunoo 1995 Edition,N2HNN/OMF,HNNOMFN2DA,audio_drama,Latn,hnn
Caribbean Hindustani,Sarnami Hindi 1997 Edition,N2HNS/WBT,HNSWBTN2DA,audio_drama,Latn,hns
Hopi,Hopi 1977 Edition,P2HOP/ABS,HOPABSP2DA,audio_drama,NULL,hop
Minica Huitoto,Minica Huitoto 1985 Edition,N2HTO/WBT,HTOWBTN2DA,audio_drama,Latn,hto
Huambisa,Huambisa 2010 Edition,N2HUB/WBT,HUBWBTN2DA,audio_drama,Latn,hub
Huli,Huli 2002 Edition,N2HUI/PNG,HUIPNGN2DA,audio_drama,Latn,hui
Huastec,Tének de Veracruz 2005 Edition,N2HUS/LLB,HUSLLBN2DA,audio_drama,NULL,hus
Murui Huitoto,Murui Huitoto 1978 Edition,N2HUU/TBL,HUUTBLN2DA,audio_drama,Latn,huu
San Mateo Del Mar Huave,San Mateo Del Mar Huave 1988 Edition,N2HUV/TBL,HUVTBLN2DA,audio_drama,NULL,huv
Igbo,Igbo Union Version,N2IGR/BSN,IGRBSNN2DA,audio_drama,NULL,ibo
Islander Creole English,San Andres Islander Creole New Testament,N2ICR/WYI,ICRWYIN2DA,audio_drama,Latn,icr
Idakho-Isukha-Tiriki,Ivanjeli khu Vaandu Voosi,N2IDA/BSK,IDABSKN2DA,audio_drama,NULL,ida
Idoma,The New Testament in Idoma,N2IDU/BSN,IDUBSNN2DA,audio_drama,NULL,idu
Amganad Ifugao,Central Ifugao  Bible,N2IFA/WBT,IFAWBTN2DA,audio_drama,Latn,ifa
Batad Ifugao,Ayangan Ifugao 2010 Edition,N2IFB/TBL,IFBTBLN2DA,audio_drama,Latn,ifb
Ifè,Ifè 2009 Edition,N2IFE/WBT,IFEWBTN2DA,audio_drama,Latn,ife
Tuwali Ifugao,Tuwali Ifugao 2004 Edition,N2IFK/TBL,IFKTBLN2DA,audio_drama,NULL,ifk
Mayoyao Ifugao,Mayoyao Ifugao 2004 Edition,N2IFU/WPS,IFUWPSN2DA,audio_drama,Latn,ifu
Keley-I Kallahan,Antipolo Ifugao 2008 Edition,N2IFY/WBT,IFYWBTN2DA,audio_drama,Latn,ify
Ebira,The New Testament in Ebira,N2IGB/BSN,IGBBSNN2DA,audio_drama,NULL,igb
Igede,Igede New Testament,N2IGE/BSN,IGEBSNN2DA,audio_drama,NULL,ige
Igala,Igala First Bible,N2IGL/BSN,IGLBSNN2DA,audio_drama,NULL,igl
Ignaciano,Ignaciano 2004 Edition,N2IGN/SBB,IGNSBBN2DA,audio_drama,NULL,ign
Izon,Izon New Testament,N2IJC/BSN,IJCBSNN2DA,audio_drama,NULL,ijc
Kalabari,Kalabari New Testament,N2IJN/BSN,IJNBSNN2DA,audio_drama,NULL,ijn
Ika,Revision of New Testament in Ika,N2IKK/TBL,IKKTBLN2DA,audio_drama,Latn,ikk
Iloko,"Revised Popular Version, 1996",N2ILO/RPV,ILORPVN2DA,audio_drama,Latn,ilo
Inga,Inga 1996 Edition,N2INB/WBT,INBWBTN2DA,audio_drama,NULL,inb
Indonesian,"Indonesian New Translation, Formal Version (1974)",N2INZ/NTV,INZNTVN2DA,audio_drama,Latn,ind
Indonesian,Indonesian Shellabear Version,N2INZ/SHL,INZSHLN2DA,audio_drama,Latn,ind
Indonesian,Indonesian Shellabear Version,N2INZ/SHL,INZSHLP2DA,audio_drama,Latn,ind
Indonesian,Plain Indonesian Translation,N2INZ/TSI,INZTSIN2DA,audio_drama,Latn,ind
Irigwe,Irigwe 2012 Edition,N2IRI/WYI,IRIWYIN2DA,audio_drama,Latn,iri
Iraqw,Iraqw 2003 Edition,N2IRK/BST,IRKBSTN2DA,audio_drama,Latn,irk
Isoko,Isoko 1977 Edition,N2ISO/BSN,ISOBSNN2DA,audio_drama,NULL,iso
Isekiri,Itsekiri First Bible,N2ITS/BSN,ITSBSNN2DA,audio_drama,NULL,its
Itawit,Itawit Scripture Translation for Every People 2009,N2ITV/STP,ITVSTPN2DA,audio_drama,Latn,itv
Ixil,(Asociación Educativa y Cultural Maya) Portions of the Bible in Ixil,P2IXL/AEM,IXLAEMP2DA,audio_drama,Latn,ixl
Ixil,The New Testament in Chajul Ixil,N2IXJ/WBT,IX1WBTN2DA,audio_drama,Latn,ixl
Ixil San Juan Cotzal,"Ixil, San Juan Cotzal 2001 Edition",N2IXL/WBT,IXLWBTN2DA,audio_drama,NULL,ixl
Izere,Izere 2006 Edition,N2FIZ/TBL,FIZTBLN2DA,audio_drama,Latn,izr
Popti',The New Testament in Western Jakalteko,N2JAI/SBG,JAISBGN2DA,audio_drama,Latn,jac
"Jacalteco, Eastern",The New Testament in Eastern Jakalteko,N2JAC/WBT,JACWBTN2DA,audio_drama,Latn,jac
Jamaican Creole English,Jamaican Creole English 2012 Edition,N2JAM/BSW,JAMBSWN2DA,audio_drama,Latn,jam
Javanese,"Javanese New Revised (formal) Version, 2006",N2JAV/NRF,JAVNRFN2DA,audio_drama,Latn,jav
Jukun Takum,Jukun Takum 1994 Edition,N2JBU/IBS,JBUIBSN2DA,audio_drama,NULL,jbu
Tol,Tol 2008 Edition,N2JIC/WBT,JICWBTN2DA,audio_drama,Latn,jic
Shuar,Shuar 2009 Edition,N2JIV/AIE,JIVAIEN2DA,audio_drama,Latn,jiv
Machame,Machame 2000 Edition,N2JMC/BST,JMCBSTN2DA,audio_drama,NULL,jmc
Caribbean Javanese,1999 Edition,N2JVN/TBL,JVNTBLN2DA,audio_drama,Latn,jvn
Kara-Kalpak,Kara-Kalpak 2004 Edition,N2KAA/IBT,KAAIBTN2DA,audio_drama,NULL,kaa
Kachin,Kachin Hanson Version,N2KAC/UBS,KACUBSN2DA,audio_drama,Latn,kac
Jju,The New Testament in Jju,N2KAJ/BSN,KAJBSNN2DA,audio_drama,NULL,kaj
Kannada,Kannada Easy-to-Read Version,N2ERV/WTC,ERVWTCN2DA,audio_drama,Knda,kan
Xaasongaxango,Khassonké 2006 Edition,N2KAO/ABM,KAOABMN2DA,audio_drama,NULL,kao
Capanahua,The New Testament in Capanahua,N2KAQ/TBL,KAQTBLN2DA,audio_drama,Latn,kaq
Georgian,The New Testament in Georgian,N2GEO/IBT,GEOIBTN2DA,audio_drama,NULL,kat
Kazakh,Kazakh Bible 2010,N2KAZ/KAZ,KAZKAZN2DA,audio_drama,Cyrl,kaz
Kazakh,Kazakh Bible 2010,S2KAZ/KAZ,KAZKAZP2DA,audio_drama,Cyrl,kaz
Kabiyè,Kabiyè 1995,N2KBP/ABT,KBPABTN2DA,audio_drama,Latn,kbp
Kabiyè,Kabiyè Roman Catholic Version,N2KBP/RCV,KBPRCVN2DA,audio_drama,Latn,kbp
Kafa,Kafa 2010 Edition,N2KBR/SIM,KBRSIMN2DA,audio_drama,Ethi,kbr
Tyap,The New Testament in Tyap,N2KCG/WBT,KCGWBTN2DA,audio_drama,Latn,kcg
Kalanga,The New Testament in Kalanga,N2KCK/BSB,KCKBSBN2DA,audio_drama,Latn,kck
Kutu,The New Testament in Kutu,N2KDC/PBT,KDCPBTN2DA,audio_drama,Latn,kdc
Kumam,Kumam 2006 Edition,N2KDI/BSU,KDIBSUN2DA,audio_drama,Latn,kdi
Karamojong,Karamojong 1996 Edition,N2KDJ/BSU,KDJBSUN2DA,audio_drama,Latn,kdj
Kunda,ChiKunda New Testament,N2KDN/BSZ,KDNBSZN2DA,audio_drama,Latn,kdn
Ndo,Kebu 1993 Edition,N2KDP/BSU,KD1BSUN2DA,audio_drama,Latn,ndp
Kekchí,Kekchi 2008 Edition,N2KEK/IBS,KEKIBSN2DA,audio_drama,Latn,kek
Kekchí,Kekchi 2005 Catholic Edition,N2KEK/SBG,KEKSBGN2DA,audio_drama,NULL,kek
Kenyang,Kenyang 2010 Edition,N2KEN/WBT,KENWBTN2DA,audio_drama,Latn,ken
Kakwa,Kakwa 1977 Editions,N2KEO/BSU,KEOBSUN2DA,audio_drama,Latn,keo
Kera,Kera 2004 Edition,N2KER/ABT,KERABTN2DA,audio_drama,Latn,ker
Kukele,Kukele 1979 Edition,N2KEZ/LCN,KEZLCNN2DA,audio_drama,Latn,kez
Northwestern Kolami,The New Testament in Northwestern Kolami,N2KFB/MUJ,KFBMUJN2DA,audio_drama,Deva,kfb
Koya,Koya 2006 Indian Evangelical Mission,N2KFF/IEM,KFFIEMN2DA,audio_drama,Telu,kff
Central Khmer,Central Khmer Standard Version,N2KMR/BSC,KMHBSCN2DA,audio_drama,Khmr,khm
Central Khmer,Khmer Old Version,N2KMR/KOV,KMHKOVN2DA,audio_drama,Khmr,khm
Kim,Kim 2013 Edition,N2KIA/BSC,KIABSCN2DA,audio_drama,Latn,kia
Garab,Garap-Kim New Testament,N2KIA/WBT,KIAWBTN2DA,audio_drama,Latn,kia
Kilivila,Kiriwina 2011 Edition,N2KIJ/PNG,KIJPNGN2DA,audio_drama,Latn,kij
Kamba (Kenya),1998 Bible Society of Kenya,N2KIK/BSK,KIKBSKN2DA,audio_drama,NULL,kam
Kinyarwanda,Ikinyarwanda Cy'iki Gihe (Common) Interconfessional,N2RUA/ICG,RUAICGN2DA,audio_drama,Latn,kin
Kirghiz,Kirghiz New Testament,N2KIR/BSK,KIRBSKN2DA,audio_drama,Cyrl,kir
Q'anjob'al,"Kanjobal, Eastern 1989 Edition",N2KJB/SBG,KJBSBGN2DA,audio_drama,NULL,kjb
Khakas,New Testament in Khakas,N2KJH/IBT,KJHIBTN2DA,audio_drama,Cyrl,kjh
Kagulu,Kikagulu 2009 Edition,N2KKI/BST,KKIBSTN2DA,audio_drama,NULL,kki
Kako,Kako 1999 Edition,N2KKJ/WBT,KKJWBTN2DA,audio_drama,NULL,kkj
Klao,The New Testament in Klao,N2KLU/BSL,KLUBSLN2DA,audio_drama,NULL,klu
Kimbundu,Kimbundu Bible (1980),N2KMB/UBS,KMBUBSN2DA,audio_drama,NULL,kmb
Northern Kurdish,Kurdish-Kurmanji New Testament (2005),N2KMR/UBS,KMRUBSN2DA,audio_drama,Latn,kmr
Northern Kurdish,Transcaucasia - Latin Script,N2KMR/IBT,KMRIBTN2DA,audio_drama,Cyrl,kmr
Northern Kurdish,Transcaucasia - Latin Script,P2KMR/IBT,KMRIBTP2DA,audio_drama,Cyrl,kmr
Northern Kurdish,Transcaucasia - Cyrillic Script,P2KMR/IBT,KM2IBTP2DA,audio_drama,Latn,kmr
Northern Kurdish,Transcaucasia - Cyrillic Script,N2KMR/IBT,KM2IBTN2DA,audio_drama,Latn,kmr
Central Kanuri,Central Kanuri New Testament (1997 Edition),N2KPH/BSN,KPHBSNN2DA,audio_drama,NULL,knc
Kankanaey,Kankanaey Bible,N2KNE/TBL,KNETBLN2DA,audio_drama,Latn,kne
Koongo,Kikongo Bible (1905),N2KNG/DRC,KNGDRCN2DA,audio_drama,NULL,kng
Western Kanjobal,Acateco 2001 Edition,N2KNJ/SBI,KNJSBIN2DA,audio_drama,Latn,knj
Kuranko,Kuranko 2005 Edition,N2KNK/BSL,KNKBSLN2DA,audio_drama,NULL,knk
Kono (Sierra Leone),Kono (Sierra Leone) 2006 Edition,N2KNO/BSL,KNOBSLN2DA,audio_drama,NULL,kno
Kwanja,Kwanja 2006 Edition,N2KNP/ABC,KNPABCN2DA,audio_drama,NULL,knp
Cogui,The New Testament in Kogi-Cogui,N2KOG/WBT,KOGWBTN2DA,audio_drama,Latn,kog
South Korean,Revised New Korean Standard Bible,N2KOR/SKV,KO1SKVN2DA,audio_drama,Kore,kor
"Korean, North",(North) Revised New Korean Standard Version,N2KOR/NKV,KO2NKVN2DA,audio_drama,Kore,kor
Koho,The New Testament in Koho,N2KPM/DVS,KPMDVSN2DA,audio_drama,NULL,kpm
Komi-Zyrian,Komi-Zyrian IBT Version,N2KPV/IBT,KPVIBTN2DA,audio_drama,Cyrl,kpv
Kupsabiny,Kupsabiny 1995 Edition,N2KPZ/BSU,KPZBSUN2DA,audio_drama,NULL,kpz
Kalagan,The New Testament in Eastern Kalagan,N2KQE/TBL,KQETBLN2DA,audio_drama,Latn,kqe
Kimré,Kimré 2007 Edition,N2KQP/WBT,KQPWBTN2DA,audio_drama,Latn,kqp
Koorete,Koorete Bible Society Version,N2KQY/BSE,KQYBSEN2DA,audio_drama,Ethi,kqy
Karachay-Balkar,Karachay-Balkar 2000 Edition,N2KRC/LIO,KRCLION2DA,audio_drama,Cyrl,krc
Krio,Good News For All Men (1992),N2KRI/NVS,KRINVSN2DA,audio_drama,Latn,kri
Kinaray-A,Kinaray-A 2009 Edition,N2KRJ/WBT,KRJWBTN2DA,audio_drama,Latn,krj
Kurukh,Friends Missionary Prayer Brand Version,N2KRU/FMP,KRUFMPN2DA,audio_drama,Deva,kru
Western Krahn,Krahn: Western First New Testament,N2KRW/BSL,KRWBSLN2DA,audio_drama,NULL,krw
Bafia,Bafia New Testament,N2KSF/ABC,KSFABCN2DA,audio_drama,NULL,ksf
Southern Kisi,The New Testament in Southern Kisi,N2KSS/BSL,KSSBSLN2DA,audio_drama,NULL,kss
S'gaw Karen,Karen (Sgaw) Bible,N2KSW/BSM,KSWBSMN2DA,audio_drama,Mymr,ksw
Kambaata,Kambaata Bible Society Version,N2KTB/BSE,KTBBSEN2DA,audio_drama,Ethi,ktb
Plapo Krumen,The New Testament in Plapo,N2KTJ/WBT,KTJWBTN2DA,audio_drama,Latn,ktj
Kutep,Kutep 1995 Edition,N2KUB/TBL,KUBTBLN2DA,audio_drama,Latn,kub
Kuman (Papua New Guinea),Kuman 2008 Edition,N2KUE/PNG,KUEPNGN2DA,audio_drama,Latn,kue
Kumyk,Kumyk 2007 Edition,N2KUM/IBT,KUMIBTN2DA,audio_drama,Cyrl,kum
Kumyk,Kumyk 2007 Edition,P2KUM/IBT,KUMIBTP2DA,audio_drama,Cyrl,kum
Kusaal,Kusaal 1996 Edition,N2KUS/TBL,KUSTBLN2DA,audio_drama,Latn,kus
Psikye,Kapsiki Bible with Deuterocanon,N2KVJ/ABC,KVJABCN2DA,audio_drama,NULL,kvj
Border Kuna,The New Testament in Border Kuna,N2KVN/WBT,KVNWBTN2DA,audio_drama,Latn,kvn
Kwaio,The New Testament in Kwaio,N2KWD/WBT,KWDWBTN2DA,audio_drama,Latn,kwd
Kwara'ae,Kwara'ae 2003 Edition,N2KWF/WBT,KWFWBTN2DA,audio_drama,Latn,kwf
Awa-Cuaiquer,Awa 2002 Edition,N2KWI/WBT,KWIWBTN2DA,audio_drama,NULL,kwi
Konso,Konso 2001 Edition,N2KXC/BSE,KXCBSEN2DA,audio_drama,Ethi,kxc
Central Khmer,Northern Khmer 2003 Edition,N2KXM/TBS,KXMTBSN2DA,audio_drama,Thai,khm
Kyaka,Kyaka Bible Society Version,N2KYC/PNG,KYCPNGN2DA,audio_drama,NULL,kyc
Kouya,Kouya 2002 Edition,N2KYF/WBT,KYFWBTN2DA,audio_drama,Latn,kyf
Kenga,Kenga 2012 Edition,N2KYQ/WYI,KYQWYIN2DA,audio_drama,Latn,kyq
Kayabí,Kayabí­ 1999 Edition,N2KYZ/WBT,KYZWBTN2DA,audio_drama,NULL,kyz
Da'a Kaili,Da'a Kaili 1998 Today's Da'a Version,N2KZF/LAI,KZFLAIN2DA,audio_drama,Latn,kzf
Lango (Uganda),Lango (Uganda) 1978 Edition,N2LAJ/BSU,LAJBSUN2DA,audio_drama,Latn,laj
Lama (Togo),Lamba 1993 Edition,N2LAS/ABT,LASABTN2DA,audio_drama,NULL,las
Lamba,The New Testament in Lamba for Zambia,N2LAM/BSZ,LAMBSZN2DA,audio_drama,NULL,lam
Lao,Lao Common Language Bible,N2LAO/UBS,LAOUBSN2DA,audio_drama,Laoo,lao
Latin,Latin Neo-Vulgata,N2LTN/NVV,LTNNVVN2DA,audio_drama,Latn,lat
Standard Latvian,New Latvian Interconfessional Bible,P2LAV/BSL,LATBSLP2DA,audio_drama,Latn,lvs
Standard Latvian,New Latvian Interconfessional Bible,N2LAT/BSL,LATBSLN2DA,audio_drama,Latn,lvs
Laari,Lari New Testament (2007),N2LDI/BSC,LDIBSCN2DA,audio_drama,NULL,ldi
Lyélé,Lyélé 2001 Edition,N2LEE/WBT,LEEWBTN2DA,audio_drama,Latn,lee
Lelemi,Lelemi 1995 Edition,N2LEF/TBL,LEFTBLN2DA,audio_drama,Latn,lef
Enlhet,The New Testament in Enhlit,N2LEG/SBP,LEGSBPN2DA,audio_drama,NULL,enl
Nomaande,Nomaande 2008 Edition,N2LEM/WBT,LEMWBTN2DA,audio_drama,Latn,lem
Ledo Kaili,Ledo Kaili 1999 Edition,N2LEW/LAI,LEWLAIN2DA,audio_drama,Latn,lew
Luang,Luang New Testament and Portions,N2LEX/WBT,LEXWBTN2DA,audio_drama,Latn,lex
Lugbara,Lugbara 1966 Edition,N2LGG/BSU,LGGBSUN2DA,audio_drama,Latn,lgg
Lahu,Lahu 1989 Edition,N2LHU/TBS,LHUTBSN2DA,audio_drama,Latn,lhu
West-Central Limba,Limba New Testament (2009),N2LIA/BSL,LIABSLN2DA,audio_drama,NULL,lia
Nyindrou,The New Testament in Nyndrou,N2LID/WBT,LIDWBTN2DA,audio_drama,Latn,lid
Limbu,Limbu 2009 Edition,N2LIF/WBT,LIFWBTN2DA,audio_drama,Beng,lif
Lingala,1982 Byokant Ya Sika,N2LIN/RDC,LINRDCN2DA,audio_drama,NULL,lin
Sekpele,Sekpele 2008 Edition,N2LIP/WBT,LIPWBTN2DA,audio_drama,Latn,lip
Lisu,Lisu North Thailand Christian Mission,N2LIS/TCM,LISTCMN2DA,audio_drama,Latn,lis
Lampung Api,Lampung Api 2002 Today's Lampung Version,N2LJP/LAI,LJPLAIN2DA,audio_drama,Latn,ljp
Lele (Chad),Lele First Old Testament,N2LLN/ABT,LLNABTN2DA,audio_drama,Latn,lln
Pévé,Peve 1985 Edition,N2LME/ABT,LMEABTN2DA,audio_drama,Latn,lme
Limbum,Limbum New Testament,N2LIM/BSC,LIMBSCN2DA,audio_drama,NULL,lmp
Lundayeh,Lun Bawang/Lun Dayeh Bible (1982),N2LND/BSM,LNDBSMN2DA,audio_drama,Latn,lnd
Lobi,Lobiri 1984 Edition,N2LOB/BSB,LOBBSBN2DA,audio_drama,Latn,lob
Logo,Logo New Testament,N2LOG/WYI,LOGWYIN2DA,audio_drama,Latn,log
Loko,Loko New Testament,N2LOK/LBT,LOKLBTN2DA,audio_drama,Latn,lok
Mongo,The New Testament in Lomongo,N2LOL/DRC,LOLDRCN2DA,audio_drama,NULL,lol
Loma (Liberia),Lorma New Testament,N2LOM/BSL,LOMBSLN2DA,audio_drama,NULL,lom
Malawi Lomwe,Elhomwe Bible,N2LON/BSM,LONBSMN2DA,audio_drama,Latn,lon
Lozi,Lozi 1951 Edition,N2LOZ/BSZ,LOZBSZN2DA,audio_drama,NULL,loz
Lashi,Lacid Common Language Bible,N2LSI/BSM,LSIBSMN2DA,audio_drama,Latn,lsi
Saamia,Lusamya-Lugwe 2010 Edition,N2LSM/BSU,LSMBSUN2DA,audio_drama,Latn,lsm
Luba-Katanga,Kiluba 2003 Edition,N2LUB/DRC,LUBDRCN2DA,audio_drama,NULL,lub
Luba-Lulua,Tshiluba New Testament,N2LUB/ABU,LU1ABUN2DA,audio_drama,NULL,lua
Ganda,Oluganda 2003 Edition,N2LUG/BSU,LUGBSUN2DA,audio_drama,NULL,lug
Lunda,The New Testament in Lunda,N2LUN/BSZ,LUNBSZN2DA,audio_drama,NULL,lun
Luo (Kenya and Tanzania),Luo 1978 Edition,N2LUO/BSK,LUOBSKN2DA,audio_drama,NULL,luo
Lushai,The Bible in Mizo,N2LUS/BSI,LUSBSIN2DA,audio_drama,NULL,lus
Luwo,Luwo 2003 Edition,N2LWO/WBT,LWOWBTN2DA,audio_drama,Latn,lwo
"Mazateco, San Antonio",San Jerónimo Tecuanipan Mazatec 2011 (San Antonio),N2MAA/SAV,MAASAVN2DA,audio_drama,Latn,maa
San Jerónimo Tecóatl Mazatec,San Jerónimo Tecuanipan Mazatec 2012 (San Jeronimo),N2MAA/SJV,MAASJVN2DA,audio_drama,Latn,maa
Madurese,"Madurese Today's Madura Version, 1994",N2MAD/IBS,MADIBSN2DA,audio_drama,Latn,mad
Mafa,The New Testament in Mofa,N2MAF/ABC,MAFABCN2DA,audio_drama,NULL,maf
Magahi,The New Testament in Magahi,N2MAG/SSI,MAGSSIN2DA,audio_drama,Deva,mag
Marshallese,The Words of Grace Marshallese Bible,N2MAH/WGM,MAHWGMN2DA,audio_drama,Latn,mah
Maithili,Maithili WBT Version,N2MAI/WBT,MAIWBTN2DA,audio_drama,Deva,mai
Jalapa De Díaz Mazatec,Jalapa de Díaz Mazatec 2013 Edition,N2MAJ/TBL,MAJTBLN2DA,audio_drama,Latn,maj
Makasar,"Makasar Today's Makassar Version, 1999",N2MAK/LAI,MAKLAIN2DA,audio_drama,Latn,mak
Malayalam,Bible League International,N2MJS/WTC,MJSWTCN2DA,audio_drama,Mlym,mal
Mam,Southern Mam 2009 Edition,N2MMS/BSG,MMSBSGN2DA,audio_drama,Latn,mam
Mam,1993 Bible Society of Guatemala,N2MAM/SBG,MAMSBGN2DA,audio_drama,NULL,mam
Marathi,Easy-to-Read Marathi Bible,N2MAR/WTC,MARWTCN2DA,audio_drama,Deva,mar
Masai,Biblia Masai Version,N2MET/BSV,METBSVN2DA,audio_drama,NULL,mas
Mampruli,Mampruli 2001 Edition,N2MAW/WBT,MAWWBTN2DA,audio_drama,Latn,maw
Central Mazahua,Central Mazahua 2007 Edition,N2MAZ/TBL,MAZTBLN2DA,audio_drama,NULL,maz
Western Bukidnon Manobo,Western Bukidnon Manobo Old Testament,P2MBB/WPS,MBBWBTP2DA,audio_drama,Latn,mbb
Western Bukidnon Manobo,Western Bukidnon Manobo New Testament,N2MBB/WPS,MBBWPSN2DA,audio_drama,Latn,mbb
Macushi,The New Testament in Macushi,N2MBC/MVA,MBCMVAN2DA,audio_drama,Latn,mbc
Nadëb,The New Testament in Nadeb,N2MBJ/WBT,MBJWBTN2DA,audio_drama,Latn,mbj
Malol,Portions of the Bible in Malol,P2MBK/WBT,MBKWBTP2DA,audio_drama,NULL,mbk
Matigsalug Manobo,The New Testament in Matigsalug Manobo,N2MBT/WBT,MBTWBTN2DA,audio_drama,Latn,mbt
Maca,The New Testament in Maka,P2MCA/GGG,MCAGGGP2DA,audio_drama,Latn,mca
Maca,The New Testament in Maka,N2MCA/WYI,MCAWYIN2DA,audio_drama,Latn,mca
Machiguenga,Matsigenka 2011 Edition,N2MCB/TBL,MCBTBLN2DA,audio_drama,Latn,mcb
Sharanahua,The New Testament in Sharanahua,N2MCD/TBL,MCDTBLN2DA,audio_drama,Latn,mcd
Masana,The New Testament in Massana,N2MCN/ABC,MCNABCN2DA,audio_drama,NULL,mcn
Coatlán Mixe,Mixe De Coatlan 1976 Edition,N2MCO/TBL,MCOTBLN2DA,audio_drama,Latn,mco
Makaa,The New Testament in Makaa,N2MCP/WBT,MCPWBTN2DA,audio_drama,Latn,mcp
Ese,The New Testament in Ese,N2MCQ/TBL,MCQTBLN2DA,audio_drama,Latn,mcq
Menya,Portions of the Bible in Menya,N2MCR/PNG,MCRPNGN2DA,audio_drama,Latn,mcr
Cameroon Mambila,Cameroon Mambila 2001 Edition,N2MCU/TBL,MCUTBLN2DA,audio_drama,Latn,mcu
Mada (Nigeria),Mada (Nigeria) 1999 Edition,N2MDA/WBT,MDAWBTN2DA,audio_drama,Latn,mda
Mayogo,Mayogo New Testament,N2MDM/WYI,MDMWYIN2DA,audio_drama,Latn,mdm
Male (Ethiopia),Maale (Ethiopia) 2007 Edition,N2MDY/BSE,MDYBSEN2DA,audio_drama,Ethi,mdy
Melpa,Melpa 1995 Edition,N2MED/PNG,MEDPNGN2DA,audio_drama,Latn,med
Meyah,Meyah WBT Version,N2MEJ/TBL,MEJTBLN2DA,audio_drama,Latn,mej
Mende (Sierra Leone),Mende (Sierra Leone) 2002 Edition,N2MEN/BSL,MENBSLN2DA,audio_drama,NULL,men
Merey,Merey 2012 Edition,N2MEQ/WBT,MEQWBTN2DA,audio_drama,Latn,meq
Meru,Kimeru 2010 Edition,N2MER/UBS,MERUBSN2DA,audio_drama,NULL,mer
Mano,The New Testament in Mano,N2MEV/BSL,MEVBSLN2DA,audio_drama,NULL,mev
Morisyen,Mauritian Kreol 2009 Edition,N2MFE/BSM,MFEBSMN2DA,audio_drama,Latn,mfe
Matal,Matal 1989 Edition,N2MFH/WYI,MFHWYIN2DA,audio_drama,Latn,mfh
Wandala,Mandara 1988 Edition,N2MFI/WYI,MFIWYIN2DA,audio_drama,Latn,mfi
North Mofu,Mofu North New Testament,N2MFK/ABC,MFKABCN2DA,audio_drama,Latn,mfk
Moba,Moba Lok 2007 Edition,N2MFQ/ABT,MFQABTN2DA,audio_drama,Latn,mfq
Moba,Moba 2008 Edition,N2MFQ/WBT,MF1WBTN2DA,audio_drama,NULL,mfq
Mayo,Mayo WBT Version,N2MFY/WBT,MFYWBTN2DA,audio_drama,Latn,mfy
Mabaan,Mabaan 2002 Edition,N2MFZ/BSS,MFZBSSN2DA,audio_drama,NULL,mfz
Moru,The New Testament in Moru,N2MGD/BSS,MGDBSSN2DA,audio_drama,Latn,mgd
Meta',2012 Wycliffe Bible Translators,N2MGO/WYI,MGOWYIN2DA,audio_drama,Latn,mgo
Mambwe-Lungu,Mambwe-Lungu Bible 2005 Edition,N2MGR/BSZ,MGRBSZN2DA,audio_drama,NULL,mgr
Ma'di,Ma'di 1977 Edition,N2MHI/BSU,MHIBSUN2DA,audio_drama,Latn,mhi
Eastern Mari,Mari-Meadow Institute for Bible Translation,N2MHR/IBT,MHRIBTN2DA,audio_drama,Cyrl,mhr
Maru,Lhaovo Common Language,N2MHX/BSM,MHXBSMN2DA,audio_drama,NULL,mhx
Ma'anyan,Ma'anyan 1999 Edition,N2MHY/LAI,MHYLAIN2DA,audio_drama,Latn,mhy
Mofu-Gudur,Mofu-Gudur 2007 Edition,N2MIF/WBT,MIFWBTN2DA,audio_drama,NULL,mif
Peñoles Mixtec,Mixtec Penoles 2002 Edition,N2MIL/TBL,MILTBLN2DA,audio_drama,Latn,mil
Alacatlatzala Mixtec,"New Testament in Mixtec, Alacatlatzala",N2MIM/WYI,MIMWYIN2DA,audio_drama,Latn,mim
Minangkabau,"Minangkabau Today's Minang Version, 2010",N2MIN/LAI,MINLAIN2DA,audio_drama,Latn,min
Pinotepa Nacional Mixtec,Pinotepa Nacional Mixtec 2013 Edition,N2MIO/WBT,MIOWBTN2DA,audio_drama,Latn,mio
Mískito,Miskito 1998 Edition,N2MIQ/SBN,MIQSBNN2DA,audio_drama,Latn,miq
Southern Puebla Mixtec,Southern Puebla Mixtec 1978 Edition,N2MIT/TBL,MITTBLN2DA,audio_drama,Latn,mit
Ayutla Mixtec,The New Testament in Ayutla Mixtec,N2MIY/WYI,MIYWYIN2DA,audio_drama,Latn,miy
Mokole,Mokole 2006 Edition,N2MKL/SIM,MKLSIMN2DA,audio_drama,Latn,mkl
Kituba (Congo),New Testament in Kituba,N2MKW/ABC,MKWABCN2DA,audio_drama,NULL,mkw
Plateau Malagasy,Malagasy Interconfessional Version,N2MEX/EIV,MLGEIVN2DA,audio_drama,Latn,plt
Plateau Malagasy,Malagasy Roman Catholic Version,N2MEX/RCV,MLGRCVN2DA,audio_drama,NULL,plt
Muna,Muna 2004 Edition,N2MNB/TBL,MNBTBLN2DA,audio_drama,Latn,mnb
Mundani,Mundani 2006 Edition,N2MNF/CAB,MNFCABN2DA,audio_drama,Latn,mnf
Mandinka,Mandinka 2011 Edition,N2MNK/BSG,MNKBSGN2DA,audio_drama,Latn,mnk
Mandinka,Mandinka 2011 Edition,P2MNK/BSG,MNKBSGP2DA,audio_drama,Latn,mnk
Mwan,The New Testament in Mwan,N2MOA/WBT,MOAWBTN2DA,audio_drama,Latn,moa
Mongondow,"Today's Mongondow Version, 2006",N2MOG/LAI,MOGLAIN2DA,audio_drama,Latn,mog
Mopán Maya,Mopán Maya 2004 Edition,N2MOP/WBT,MOPWBTN2DA,audio_drama,NULL,mop
Moro,The Old Moro Version,N2MOR/BSS,MORBSSN2DA,audio_drama,Latn,mor
Mossi,Moore 1998 Roman Catholic Version,N2MHM/CAT,MHMCATN2DA,audio_drama,NULL,mos
Marba,Azumeina Bible,N2MPG/ABT,MPGABTN2DA,audio_drama,Latn,mpg
Yosondúa Mixtec,"Mixtec, Yosondúa 2010 Edition",N2MPM/TBL,MPMTBLN2DA,audio_drama,Latn,mpm
Misima-Panaeati,Misima-Paneati 1997 Edition,P2MPX/PNG,MPXPNGP2DA,audio_drama,Latn,mpx
Misima-Panaeati,Misima-Paneati 1997 Edition,N2MPX/PNG,MPXPNGN2DA,audio_drama,Latn,mpx
Mbuko,Mbuko 2010 Edition,N2MQB/WBT,MQBWBTN2DA,audio_drama,Latn,mqb
Marghi Central,The New Testament in Central Margi,N2MRT/BSN,MRTBSNN2DA,audio_drama,NULL,mrt
Maranao,Maranao 2013 Edition,N2MRW/NVS,MRWNVSN2DA,audio_drama,Latn,mrw
Aruamu,Aruamu 2004 Edition,N2MSY/PNG,MSYPNGN2DA,audio_drama,NULL,msy
Moskona,Moskona 2001 Yayasan Sumber Sejahtera,N2MTJ/TBL,MTJTBLN2DA,audio_drama,Latn,mtj
Mundang,The New Testament in Moundang,N2MUA/ABC,MUAABCN2DA,audio_drama,NULL,mua
Musgu,Mousgoum 1964 Edition,N2MUG/ABC,MUGABCN2DA,audio_drama,NULL,mug
Mündü,Mündü 2005 Edition,N2MUH/WBT,MUHWBTN2DA,audio_drama,Latn,muh
Malvi,Malvi 2012 Edition,N2MUP/NLL,MUPNLLN2DA,audio_drama,Deva,mup
Murle,Murle 1996 Edition,N2MUR/TBL,MURTBLN2DA,audio_drama,NULL,mur
Muyang,Muyang 2013 Edition,N2MUY/WBT,MUYWBTN2DA,audio_drama,Latn,muy
Mam,The New Testament in Central Mam,N2MVC/NVS,MVCNVSN2DA,audio_drama,NULL,mam
Duri,"Duri Today's Duri Version, 2005",N2MVP/LAI,MVPLAIN2DA,audio_drama,Latn,mvp
Sar,Sar 2006 Edition,N2MWM/ABT,MWMABTN2DA,audio_drama,NULL,mwm
Mün Chin,Mün Chin Common Language Version (Ng'thu K'Thai),N2MWQ/BSM,MWQBSMN2DA,audio_drama,Latn,mwq
Mentawai,"Mentawai Today's Mentawai Version, 1993",N2MWV/LAI,MWVLAIN2DA,audio_drama,Latn,mwv
Hmong Daw,Hmong Daw 2000 Edition,O2MWW/HDV,MWWHDVO2DA,audio_drama,Latn,mww
Hmong Daw,Hmong Daw 2000 Edition,N2MWW/HDV,MWWHDVN2DA,audio_drama,Latn,mww
Hmong Daw,Hmong Daw 2000 Edition,N2MWW/HDV,MWWHDVC2DA,audio_drama,Latn,mww
Tezoatlán Mixtec,Mixtec de Tezoatlan 2006 Edition,N2MXB/MVR,MXBMVRN2DA,audio_drama,NULL,mxb
Jamiltepec Mixtec,Jamiltepec Mixtec 1983 Edition,N2MXT/TBL,MXTTBLN2DA,audio_drama,NULL,mxt
Burmese,Judson Bible,N2MYA/OJV,MYAOJVN2DA,audio_drama,Mymr,mya
Mbay,The Bible in Mbay,N2MYB/ABT,MYBABTN2DA,audio_drama,Latn,myb
Mamara Senoufo,Miniyanka 2006 Edition,N2MYK/WBT,MYKWBTN2DA,audio_drama,Latn,myk
Erzya,The Bible in Mordvin-Erzya,N2MYV/IBT,MYVIBTN2DA,audio_drama,Cyrl,myv
Masaaba,Masaaba 2008 Edition,N2MYX/BSU,MYXBSUN2DA,audio_drama,Latn,myx
Macuna,New Testament in Macuna,N2MYY/WBT,MYYWBTN2DA,audio_drama,Latn,myy
Santa María Zacatepec Mixtec,Zacatepec Mixtec New Testament,N2MZA/WBT,MZAWBTN2DA,audio_drama,Latn,mza
Nigeria Mambila,The New Testament in Mambila for Nigeria,N2MZK/TBL,MZKTBLN2DA,audio_drama,NULL,mzk
Mazatlán Mixe,The New Testament in Mazatlán Mixe,N2MZL/MSV,MZLMSVN2DA,audio_drama,NULL,mzl
Mumuye,Mumuye 1994 Edition,N2MZM/WBT,MZMWBTN2DA,audio_drama,Latn,mzm
"Chinese, Min Nan",Today's Taiwanese Version,N2NAN/TTV,NANTTVN2DA,audio_drama,Latn,nan
Naasioi,Naasioi 1994 Edition,N2NAS/PNG,NASPNGN2DA,audio_drama,Latn,nas
Central Huasteca Nahuatl,Central Huasteca Nahuatl 2005 Edition,N2NCH/TBL,NCHTBLN2DA,audio_drama,NULL,nch
Northern Puebla Nahuatl,Northern Puebla Nahuatl 1979 Edition,N2NCJ/TBL,NCJTBLN2DA,audio_drama,Latn,ncj
Chumburung,Chumburung 1988 Edition,N2NCU/WBT,NCUWBTN2DA,audio_drama,NULL,ncu
Ndau,Ndau 1999 Edition,N2NDC/BSZ,NDCBSZN2DA,audio_drama,NULL,ndc
North Ndebele,"The New Testament in Ndebele, Zimbabwe",N2NDE/BSZ,NDEBSZN2DA,audio_drama,Latn,nde
Samba Leko,Samba Leko New Testament,N2NDI/ABC,NDIABCN2DA,audio_drama,NULL,ndi
Ndogo,Ndogo 2001 Edition,N2NDZ/WBT,NDZWBTN2DA,audio_drama,NULL,ndz
Toura (Côte d'Ivoire),Toura (Côte d’Ivoire) 2004 Edition,N2NEB/WYI,NEBWYIN2DA,audio_drama,Latn,neb
North Central Mixe,New Testament in Mixe de Atitlan,N2NEQ/MVR,NEQMVRN2DA,audio_drama,NULL,neq
Newari,The New Testament in Newari,N2NEW/NBS,NEWNBSN2DA,audio_drama,NULL,new
Nafaanra,Nafaanra 1983 Edition,N2NFR/IBS,NFRIBSN2DA,audio_drama,NULL,nfr
Northern Ngbandi,Ngbandi Bible 1987 Edition,N2NGB/DRC,NGBDRCN2DA,audio_drama,NULL,ngb
Guerrero Nahuatl,The New Testament in Guerrero Nahuatl,N2NGU/TBL,NGUTBLN2DA,audio_drama,Latn,ngu
Eastern Huasteca Nahuatl,"Náhuatl, Huasteca Oriental 2005 Edition",N2NHE/TBL,NHETBLN2DA,audio_drama,Latn,nhe
Zacatlán-Ahuacatlán-Tepetzintla Nahuatl,"Nahuatl, Tenango New Testament",N2NHI/WBT,NHIWBTN2DA,audio_drama,NULL,nhi
Noone,Nooni 2011 Edition,N2NHU/WBT,NHUWBTN2DA,audio_drama,Latn,nhu
Western Huasteca Nahuatl,Western Huasteca Nahuatl 2005 Edition,N2NHW/TBL,NHWTBLN2DA,audio_drama,NULL,nhw
Isthmus-Mecayapan Nahuatl,Isthmus-Mecayapan Nahuatl Bible,N2NHX/NMV,NH1NMVN2DA,audio_drama,Latn,nhx
"Nahuatl, Tatahuicapan",The Gospel of Luke,N2NHX/NTV,NHXNTVN2DA,audio_drama,Latn,nhx
Northern Oaxaca Nahuatl,Northern Oaxaca Nahuatl 2006 Edition,N2NHY/TBL,NHYTBLN2DA,audio_drama,Latn,nhy
Nias,"Nias Today's Nias Version, 2006",N2NIA/IBS,NIAIBSN2DA,audio_drama,Latn,nia
Ngaju,"Today's Dayak Ngaju Version, 2005",N2NIJ/LAI,NIJLAIN2DA,audio_drama,Latn,nij
Nilamba,Kinyiramba 2009 Edition,N2NIM/BST,NIMBSTN2DA,audio_drama,NULL,nim
Ninzo,The New Testament in Ninzo,N2NIN/WYI,NINWYIN2DA,audio_drama,Latn,nin
Ngiti,"2015 Wycliffe Bible Translators, Inc.",N2NIY/WYI,NIYWYIN2DA,audio_drama,Latn,niy
Nkonya,The New Testament in Nkonya,P2NKO/WBT,NKOWBTP2DA,audio_drama,Latn,nko
Nkonya,The New Testament in Nkonya,N2NKO/WBT,NKOWBTN2DA,audio_drama,Latn,nko
Nalca,Nalca New Testament (2000 Version),N2NLC/LAI,NLCLAIN2DA,audio_drama,Latn,nlc
Dutch,New Bible Translation,N2NLD/NBV,NLDNBVN2DA,audio_drama,NULL,nld
Gela,Gela New Testament,N2NLG/WBT,NLGWBTN2DA,audio_drama,Latn,nlg
Nawdm,Nawdm 2013 Edition,N2NMZ/WSB,NMZWSBN2DA,audio_drama,Latn,nmz
Nande,Kinandi 1980 Edition,N2NNB/BSU,NNBBSUN2DA,audio_drama,Latn,nnb
Nancere,Nangjere 1986 Edition,N2NNC/ABT,NNCABTN2DA,audio_drama,NULL,nnc
Ngiemboon,The New Testament in Ngiemboon,N2NNH/ABC,NNHABCN2DA,audio_drama,NULL,nnh
Southern Nuni,Southern Nuni 1999 Edition,N2NNW/WBT,NNWWBTN2DA,audio_drama,Latn,nnw
Woun Meu,New Testament in Wounaan,N2NOA/WBT,NOAWBTN2DA,audio_drama,Latn,noa
Nogai,The New Testament in Nogai,N2NOG/IBT,NOGIBTN2DA,audio_drama,Cyrl,nog
Nomatsiguenga,The New Testament in Nomatsiguenga (2004),N2NOT/TBL,NOTTBLN2DA,audio_drama,Latn,not
Nepali (individual language),Nepali New Revised Version,N2NEP/NRV,NEPNRVN2DA,audio_drama,NULL,npi
Southeastern Puebla Nahuatl,Southeastern Puebla Nahuatl WBT Version,N2NPL/WYI,NPLWYIN2DA,audio_drama,NULL,npl
Napu,"Today's Napu Version, 2000",N2NPY/LAI,NPYLAIN2DA,audio_drama,Latn,npy
Sierra Negra Nahuatl,Sierra Negra Nahuatl New Testament,N2NSU/WBT,NSUWBTN2DA,audio_drama,Latn,nsu
Delo,Ntrubo 2006 Edition,N2NTR/WBT,NTRWBTN2DA,audio_drama,NULL,ntr
Nupe-Nupe-Tako,The New Testament in Nupe,N2NUP/BSN,NUPBSNN2DA,audio_drama,NULL,nup
Nuer,Nuer 1999 Edition,N2NUS/BSS,NUSBSSN2DA,audio_drama,Latn,nus
Nyabwa,Nyaboa 1991 Edition,N2NWB/WBT,NWBWBTN2DA,audio_drama,Latn,nwb
Giryama,Giryama 2004 Edition,N2NYF/BTL,NYFBTLN2DA,audio_drama,Latn,nyf
Nyanja,The New Testament in Kenyang,N2NYJ/BLV,NYJBLVN2DA,audio_drama,NULL,nya
Nyankole,Runyankore-Rukiga 1989 Edition,N2NYN/BSU,NYNBSUN2DA,audio_drama,Latn,nyn
Nyoro,Runyoro-Rutoro 2008 Edition,N2NYO/BSU,NYOBSUN2DA,audio_drama,Latn,nyo
Nyakyusa-Ngonde,Kinyakyusa 1995 Edition,N2NYY/BST,NYYBSTN2DA,audio_drama,Latn,nyy
Njebi,Nzebi New Testament,N2NZB/UBS,NZBUBSN2DA,audio_drama,NULL,nzb
Obo Manobo,"The New Testament in Manobo, Obo",N2OBO/WBT,OBOWBTN2DA,audio_drama,Latn,obo
Khana,The New Testament in Khana,N2OGO/BSN,OGOBSNN2DA,audio_drama,NULL,ogo
Kirike,Okrika New Testament,N2OKR/BSN,OKRBSNN2DA,audio_drama,NULL,okr
Mochi,Kimochi 1998 Edition,N2OLD/BST,OLDBSTN2DA,audio_drama,Latn,old
South Tairora,The New Testament in Omwunra-Toqura,N2OMW/TBL,OM1TBLN2DA,audio_drama,Latn,omw
Northern One,Portions of the Bible in Onnele Goiniri (Northern One),P2ONR/GOV,ON2GOVP2DA,audio_drama,NULL,onr
Wolwale,Portions of the Bible in Rombar (Northern One),P2ONR/ROV,ON1ROVP2DA,audio_drama,NULL,onr
Orejón,Maijuna 2010 Edition,P2ORE/WBT,OREWBTP2DA,audio_drama,Latn,ore
Odia,Oriya: Easy to Read Version,N2ORY/WTC,ORYWTCN2DA,audio_drama,Orya,ory
Ossetian,Ossetic 2004 Edition,N2OSS/IBT,OSSIBTN2DA,audio_drama,Cyrl,oss
Digor,Gospel of John in the Digor Dialect,P2OSS/ODV,OSSODVP2DA,audio_drama,Cyrl,oss
Mezquital Otomi,Mezquital Otomi 1990 Edition,N2OTE/TBL,OTETBLN2DA,audio_drama,Latn,ote
Koonzime,Koonzime 1998 Edition,N2OZM/TBL,OZMTBLN2DA,audio_drama,NULL,ozm
Parecís,The New Testament in Parecis,N2PAB/TBL,PABTBLN2DA,audio_drama,NULL,pab
Paumarí,The New Testament in Paumari,N2PAD/TBL,PADTBLN2DA,audio_drama,Latn,pad
Pangasinan,Pangasinan 1983 Popular Version,N2PAG/PBS,PAGPBSN2DA,audio_drama,Latn,pag
Pampanga,Pampanga 1994 Popular Version,N2PAM/PBS,PAMPBSN2DA,audio_drama,NULL,pam
Papiamento,Bible in Papiamentu,N2PAP/BSN,PA2BSNN2DA,audio_drama,Latn,pap
Palauan,Palauan Biblia,N2PAU/UBS,PAUUBSN2DA,audio_drama,Latn,pau
Páez,The New Testament in Páez,N2PBB/WBT,PBBWBTN2DA,audio_drama,NULL,pbb
Patamona,Patamona 2011 Edition,N2PBC/BSS,PBCBSSN2DA,audio_drama,Latn,pbc
Parkwa,Podoko 1992 Edition,N2PBI/WYI,PBIWYIN2DA,audio_drama,Latn,pbi
Nigerian Pidgin,Nigerian Pidgin 2012 Edition,N2PCM/TSC,PCMTSCN2DA,audio_drama,Latn,pcm
Iranian Persian,Today's Persian Version,N2PES/TPV,PESTPVN2DA,audio_drama,Arab,pes
Eastern Penan,"The New Testament in Penan, Eastern",N2PEZ/BSM,PEZBSMN2DA,audio_drama,NULL,pez
Yine,The New Testament in Yine,N2PIB/WBT,PIBWBTN2DA,audio_drama,Latn,pib
Piratapuyo,Piratapuyo 1990 Edition,N2PIR/WBT,PIRWBTN2DA,audio_drama,Latn,pir
Pijin,Pijin2007 Edition,N2PIS/WBT,PISWBTN2DA,audio_drama,NULL,pis
Pokomo,Pokomo 2004 Edition,N2PKB/BTL,PKBBTLN2DA,audio_drama,NULL,pkb
Pökoot,Pökoot 2008 Edition,N2PKO/BSK,PKOBSKN2DA,audio_drama,NULL,pko
San Marcos Tlacoyalco Popoloca,"Ngigua, San Marcos Tlacoyalco New Testament",N2PLS/WYI,PLSWYIN2DA,audio_drama,Latn,pls
Brooke's Point Palawano,Brooke's Point Palawano 2013 Edition,N2PLW/WBT,PLWWBTN2DA,audio_drama,Latn,plw
Pamona,Pamona New Tribes Mission Version,N2PMF/NTM,PMFNTMN2DA,audio_drama,Latn,pmf
Poqomchi Occidental,"The New Testament in Poqomchi', Western",N2POB/WYI,POBWYIN2DA,audio_drama,NULL,poh
Poqomchi',Poqomchi' 2009 Edition,N2POH/BSG,POHBSGN2DA,audio_drama,NULL,poh
Highland Popoluca, Popoluca de la Sierra (1997),N2POI/TBL,POITBLN2DA,audio_drama,Latn,poi
Polish,Polish New Covenant Translation,N2POL/NCV,POLNCVN2DA,audio_drama,Latn,pol
Portuguese,Bible for Everyone,N2POR/BSP,PORBSPN2DA,audio_drama,Latn,por
Upper Guinea Crioulo,Upper Guinea Crioulo 1989 Edition,N2POV/UBS,POVUBSN2DA,audio_drama,NULL,pov
Uma,Uma 1996 Edition,N2PPK/LAI,PPKLAIN2DA,audio_drama,Latn,ppk
San Luís Temalacayuca Popoloca,"Ngigua, San Luis Temalacayuca New Testament",N2PPS/WYI,PPSWYIN2DA,audio_drama,Latn,pps
Paranan,Paranan 2012 Edition,N2AGP/WBT,PRFWBTN2DA,audio_drama,Latn,prf
Parauk,Wa 2012 Edition,N2PRK/BSM,PRKBSMN2DA,audio_drama,Latn,prk
Dari,Good News for a New Age,N2PRS/GNN,PRSGNNN2DA,audio_drama,Arab,prs
Dari,Good News for a New Age,P2PRS/GNN,PRSGNNP2DA,audio_drama,Arab,prs
Central Malay,The New Testament in Serawai,N2PSE/LAI,PSELAIN2DA,audio_drama,Latn,pse
Kaulong,The New Testament in Kaulong,N2PSS/BIV,PSSBIVN2DA,audio_drama,Latn,pss
Bambam,Bambam 2004 Edition,N2PTU/LAI,PTULAIN2DA,audio_drama,Latn,ptu
Puinave,Puinave New Testament,N2PUI/SMV,PUISMVN2DA,audio_drama,Latn,pui
Gapapaiwa,Gapapaiwa 2009 Edition,N2PWG/WBT,PWGWBTN2DA,audio_drama,Latn,pwg
Pwo Northern Karen,Pwo Northern Karen Bible Society Version,N2PWW/TBS,PWWTBSN2DA,audio_drama,Thai,pww
Quetzaltepec Mixe,Mixe Quezaltepec Bible,N2PXM/BSM,PXMBSMN2DA,audio_drama,Latn,pxm
Huallaga Huánuco Quechua,Huallaga Quechua WBT Version,N2QUB/PBS,QUBPBSN2DA,audio_drama,NULL,qub
K'iche',Quiche Catholic Biblia Latinoamericana (2011),N2QUC/BLA,QUCBLAN2DA,audio_drama,Latn,quc
K'iche',Cunen K'iche' 2012 Edition,N2CUN/LSM,QU1LSMN2DA,audio_drama,Latn,quc
K'iche',K'iche' 1999 Edition,N2QUJ/PMC,QUJPMCN2DA,audio_drama,Latn,quc
Lambayeque Quechua,"The New Testament in Quechua, Lambayeque",N2QUF/LLB,QUFLLBN2DA,audio_drama,Latn,quf
Chimborazo Highland Quichua,The New Testament in Chimborazo Quichua,N2QUG/SBE,QUGSBEN2DA,audio_drama,NULL,qug
South Bolivian Quechua,South Bolivian Quechua New Testament (2014),N2QUH/RBV,QUHRBVN2DA,audio_drama,Latn,quh
South Bolivian Quechua,South Bolivian Quechua 1993 Edition,N2QUH/SBB,QUHSBBN2DA,audio_drama,Latn,quh
North Bolivian Quechua,North Bolivian Quechua 2006 Edition,N2QUL/SBB,QULSBBN2DA,audio_drama,NULL,qul
Southern Pastaza Quechua,Southern Pastaza Quechua 1997 Edition,N2QUP/TBL,QUPTBLN2DA,audio_drama,NULL,qup
Tena Lowland Quichua,Tena Lowland Quichua 1982 Revision,N2QUW/HLE,QUWHLEN2DA,audio_drama,Latn,quw
Cusco Quechua,"Quechua, Cuzco 2004 Edition",N2QUZ/PBS,QUZPBSN2DA,audio_drama,Latn,quz
Ambo-Pasco Quechua,Ambo-Pasco Quechua New Testament,N2QVA/WBT,QVAWBTN2DA,audio_drama,Latn,qva
Cajamarca Quechua,Cajamarca Quechua 2004 Edition,N2QVC/TBL,QVCTBLN2DA,audio_drama,NULL,qvc
Eastern Apurímac Quechua,Eastern Apurimac Quechua WBT Version,N2QVE/TBL,QVETBLN2DA,audio_drama,Latn,qve
Huamalíes-Dos de Mayo Huánuco Quechua,Huamalies-Dos de Mayo Quechua 2003 Edition,N2QEJ/LLB,QEJLLBN2DA,audio_drama,NULL,qvh
Margos-Yarowilca-Lauricocha Quechua,"Quechua, Margos 2003 Edition",N2QVM/TBL,QVMTBLN2DA,audio_drama,NULL,qvm
North Junín Quechua,North Junin Quechua 1997 Edition,N2QVN/LLB,QVNLLBN2DA,audio_drama,Latn,qvn
Napo Lowland Quechua,Napo Lowland Quechua 1988 Edition,N2QVO/VAA,QVOVAAN2DA,audio_drama,Latn,qvo
San Martín Quechua,San Marti­n Quechua 1992 Edition,N2QVS/TBL,QVSTBLN2DA,audio_drama,NULL,qvs
Huaylla Wanca Quechua,Huaylla Wanca Quechua 2006 Edition,N2QVW/TBL,QVWTBLN2DA,audio_drama,NULL,qvw
Northern Pastaza Quichua,Northern Pastaza Quichua 1992 Edition,N2QVZ/WBT,QVZWBTN2DA,audio_drama,Latn,qvz
Huaylas Ancash Quechua,Huaylas Ancash Quechua 2007 Edition,N2QWH/LLB,QWHLLBN2DA,audio_drama,NULL,qwh
Panao Huánuco Quechua,Panao Huánuco Quechua 2009 Edition,N2QXH/WBT,QXHWBTN2DA,audio_drama,Latn,qxh
Northern Conchucos Ancash Quechua,Northern Conchucos Ancash Quechua 2006 Edition,N2QXN/WBT,QXNWBTN2DA,audio_drama,NULL,qxn
Southern Conchucos Ancash Quechua,Southern Conchucos Ancash Quechua 2002 Edition,N2QXO/LLB,QXOLLBN2DA,audio_drama,Latn,qxo
Cañar Highland Quichua,Cañar Quichua 2010 Edition,N2QXR/BSE,QXRBSEN2DA,audio_drama,Latn,qxr
Canela,Bible portions in Canela,S2RAM/TBL,RAMTBLS2DA,audio_drama,Latn,ram
Sampang,Sampang New Testament,N2RAV/NLP,RAVNLPN2DA,audio_drama,Deva,rav
Rejang,Rejang-Lebong New Testament,N2REJ/LAI,REJLAIN2DA,audio_drama,Latn,rej
Nyaturu,Kinyaturu New Testament,N2RIM/BST,RIMBSTN2DA,audio_drama,NULL,rim
Carpathian Romani,Carpathian Romani Word for the World Edition,N2RMC/WFW,RMCWFWN2DA,audio_drama,Latn,rmc
Sinte Romani,Sinte Romani Romanes Arbeit Marburg,N2RMO/RAM,RMORAMN2DA,audio_drama,Latn,rmo
Vlax Romani,Vlax Romani Chilean Vlax Version,N2RMY/CVV,RMYCVVN2DA,audio_drama,NULL,rmy
Ronga,Genesis Poritons in Ronga,N2RNG/SBM,RNGSBMN2DA,audio_drama,NULL,rng
Romanian,Romanian Interconfessional New Testament,N2RUM/BSR,RONBSRN2DA,audio_drama,Latn,ron
Waima,Waima 2002 Edition,N2RRO/PNG,RROPNGN2DA,audio_drama,Latn,rro
Roviana,Roviana 2017 Edition,N2RUG/WBT,RUGWBTN2DA,audio_drama,Latn,rug
Rundi,Rundi 2007 Edition,N2RUN/BSB,RUNBSBN2DA,audio_drama,Latn,run
Russian,Central Asian Russian Scriptures ™ (CARS ™),N2RUS/IBS,RUSIBSN2DA,audio_drama,Cyrl,rus
Russian,Russian 1876 Synodal Bible,C2RUS/S76,RUSS76N2DA,audio_drama,Cyrl,rus
Russian,Russian 1876 Synodal Bible,C2RUS/S76,RUSS76C2DA,audio_drama,Cyrl,rus
Russian,Russian 1876 Synodal Bible,C2RUS/S76,RUSS76O2DA,audio_drama,Cyrl,rus
Buglere,Buglere 2008 Edition,N2SAB/WBT,SABWBTN2DA,audio_drama,Latn,sab
Meskwaki,Selections from the Bible,P2SAC/WBT,SACWBTP2DA,audio_drama,NULL,sac
Sango,Sango 2003 Edition,N2SAG/CAR,SAGCARN2DA,audio_drama,Latn,sag
Yakut,Yakut 2009 Edition,P2SAH/IBT,SAHIBTP2DA,audio_drama,Cyrl,sah
Sasak,"Sasak Today's Sasak Version, 2007",N2SAS/LAI,SASLAIN2DA,audio_drama,Latn,sas
Ngambay,Nouvelle Version,N2SBA/NVV,SBANVVN2DA,audio_drama,Latn,sba
Southern Samo,San 1995 Edition,N2SBD/ABB,SBDABBN2DA,audio_drama,NULL,sbd
Botolan Sambal,Botolan Sambal 2005 Edition,N2SBL/TBL,SBLTBLN2DA,audio_drama,Latn,sbl
Toraja-Sa'dan,"Formal Toraja Version, 2009",N2SDA/LAI,SDALAIN2DA,audio_drama,Latn,sda
Semai,Portions of the Bible in Semai,P2SEA/WYI,SEAWYIP2DA,audio_drama,Latn,sea
Cebaara Senoufo,Cebaara Sénoufo 2007 Edition,N2SEF/ABC,SEFABCN2DA,audio_drama,NULL,sef
Sena,Chisena New Testament,N2SEH/BSM,SEHBSMN2DA,audio_drama,Latn,seh
Secoya,The New Testament in Secoya,N2SEY/WBT,SEYWBTN2DA,audio_drama,Latn,sey
Sehwi,Sehwi New Testament,N2SFW/AFV,SFWAFVN2DA,audio_drama,NULL,sfw
Mag-antsi Ayta,Mag-antsi Ayta 2006 Edition,N2SGB/TBL,SGBTBLN2DA,audio_drama,Latn,sgb
Sebat Bet Gurage,Sebat Bet Gurage 1982 Edition,N2SGW/BSE,SGWBSEN2DA,audio_drama,Ethi,sgw
Shilluk,Shilluk BSS Version,N2SHK/BSS,SHKBSSN2DA,audio_drama,Latn,shk
Shan,Shan 2002 Edition,N2SHN/TBS,SHNTBSN2DA,audio_drama,Mymr,shn
Shipibo-Conibo,Shipibo-Conibo 2012 Edition,N2SHP/TBL,SHPTBLN2DA,audio_drama,Latn,shp
Chadian Arabic,"Chadian Arabic New Testament, Arabic Script",N2SHU/ABT,SHUABTN2DA,audio_drama,Arab,shu
Paasaal,Paasaal 2001 Edition,N2SIG/WBT,SIGWBTN2DA,audio_drama,NULL,sig
Tumulung Sisaala,Tumulung Sisaala 1984 Edition,N2SIL/GIL,SILGILN2DA,audio_drama,Latn,sil
Sinhala,New Revised Sinhala Version,N2SNH/NRS,SNHNRSN2DA,audio_drama,NULL,sin
Sinhala,1973 Revised New Version,N2SNH/RNV,SNHRNVN2DA,audio_drama,NULL,sin
Epena,Eperã Pedee (Saija)  2005 Edition,N2SJA/TBL,SJATBLN2DA,audio_drama,NULL,sja
Sissala,Sissala 1999 Edition,N2SLD/TBL,SLDTBLN2DA,audio_drama,Latn,sld
Slovak,Slovak Ecumenical Translation,N2SLO/SBS,SLOSBSN2DA,audio_drama,NULL,slk
Slovenian,Slovenian Standard Version,N2SLV/SBS,SLVSBSN2DA,audio_drama,Latn,slv
Central Sama,Sinama 2008 Edition,N2SML/TBL,SMLTBLN2DA,audio_drama,Latn,sml
Samoan,Samoan BSSP Version,N2SMO/BSP,SMOBSPN2DA,audio_drama,NULL,smo
Shona,Shona 1949 Edition,N2SNA/BSZ,SNABSZN2DA,audio_drama,NULL,sna
Shona,Shona Contemporary Bible ™,N2SHD/IBS,SHDIBSN2DA,audio_drama,Latn,sna
Sindhi,Sindhi Common Language New Testament,N2SND/PAK,SNDPAKN2DA,audio_drama,NULL,snd
Noon,The New Testament in Noon,N2SNF/WYI,SNFWYIN2DA,audio_drama,Latn,snf
Siona,The New Testament in Siona,N2SNN/WBT,SNNWBTN2DA,audio_drama,Latn,snn
Siane,Komongu Siane New Testament,N2SNP/WBT,SNPWBTN2DA,audio_drama,Latn,snp
Selee,Selee WBT Version,N2SNW/WBT,SNWWBTN2DA,audio_drama,Latn,snw
Somali,Somali 2008 Edition,N2SOM/TVI,SOMTVIN2DA,audio_drama,Osma,som
Somali,Somali 2007 Edition,N2SOM/SIM,SOMSIMN2DA,audio_drama,Latn,som
Miyobe,Sola 2011 Edition,N2SOY/SIM,SOYSIMN2DA,audio_drama,Latn,soy
Spanish,Bible of America,N2SPN/BDA,SPNBDAN2DA,audio_drama,Latn,spa
Spanish,Reina Valera 1995,N2SPN/R95,SPNR95N2DA,audio_drama,Latn,spa
Spanish,The Word of God for All,N2SPN/WTC,SPNWTCN2DA,audio_drama,Latn,spa
Supyire Senoufo,Supyire Senoufo 2008 Edition,N2SPP/TBL,SPPTBLN2DA,audio_drama,NULL,spp
Sabaot,Sabaot 1997 Edition,N2SPY/WBT,SPYWBTN2DA,audio_drama,Latn,spy
Siriano,Siriano 2009 Edition,N2SRI/WBT,SRIWBTN2DA,audio_drama,Latn,sri
Saramaccan,Saramaccan 1998 Edition,N2SRM/WBT,SRMWBTN2DA,audio_drama,Latn,srm
Sranan Tongo,Sranan Tongo 2002 Edition,N2SRN/BSS,SRNBSSN2DA,audio_drama,NULL,srn
Serer,Seereer 1987 Edition,N2SRR/BSS,SRRBSSN2DA,audio_drama,NULL,srr
Sissano,Portions of the Bible in Sissano,P2SSO/WBT,SSOWBTP2DA,audio_drama,NULL,sso
Swati,Siswati 1996 Edtion,N2SWZ/BSS,SWZBSSN2DA,audio_drama,NULL,ssw
Owa,Owa BSSP Edition,N2STN/BSP,STNBSPN2DA,audio_drama,NULL,stn
Sukuma,Sukuma Common Language Version,N2SUA/CLV,SUACLVN2DA,audio_drama,NULL,suk
Sundanese,Sundanese Formal Version,N2SUN/IBS,SUNIBSN2DA,audio_drama,Sund,sun
Mwaghavul,Mwaghavul 2006 Edition,N2SUR/IBS,SURIBSN2DA,audio_drama,NULL,sur
Susu,The Bible in Susu,N2SUS/PBT,SUSPBTN2DA,audio_drama,Latn,sus
Sunwar,The Bible in Sunuwar,N2SUZ/WBT,SUZWBTN2DA,audio_drama,Deva,suz
Vincentian Creole English,Vincentian Creole English Bible,Y2SVC/WBT,SVCWBTS2DA,audio_drama,NULL,svc
Swahili (individual language),Habari Njema (Interconfessional),S2SWA/HNV,SWAHNVS2DA,audio_drama,Latn,swh
Swahili (individual language),Habari Njema (Interconfessional),N2SWA/HNV,SWAHNVN2DA,audio_drama,Latn,swh
Malawi Sena,Malawi Sena New Testament,N2SWK/BSM,SWKBSMN2DA,audio_drama,NULL,swk
Suba,The New Testament in Suba,N2SXB/BTL,SXBBTLN2DA,audio_drama,Latn,sxb
Sangir,"Today's Sangir Version, 2003",N2SXN/LAI,SXNLAIN2DA,audio_drama,Latn,sxn
Eastern Tamang,Eastern Tamang 2011 Edition,N2TAJ/WBT,TAJWBTN2DA,audio_drama,Deva,taj
Tamil,Tamil Easy-to-Read Version,N2TCV/WTC,TCVWTCN2DA,audio_drama,Taml,tam
Tamasheq,Tamasheq 2003 Edition,N2TAQ/WBT,TAQWBTN2DA,audio_drama,NULL,taq
Tatar,"2001 Institute for Bible Translation, Moscow",N2TTR/IBT,TTRIBTN2DA,audio_drama,Cyrl,tat
Tatuyo,Tatuyo 2009 Edition,N2TAV/WBT,TAVWBTN2DA,audio_drama,Latn,tav
Takia,Takia 1999 Edition,N2TBC/PNG,TBCPNGN2DA,audio_drama,Latn,tbc
Tboli,The New Testament in Tboli,N2TBL/WYI,TBLWYIN2DA,audio_drama,NULL,tbl
Tembo (Kitembo),Tembo Bible,P2TBT/PTB,TBTPTBP2DA,audio_drama,Latn,tbt
Tabaru,"Tabaru Today's Tabaru Version, 2008",N2TBY/LAI,TBYLAIN2DA,audio_drama,Latn,tby
Ditammari,Ditammari 2001 Edition,N2TBZ/BSB,TBZBSBN2DA,audio_drama,Latn,tbz
Ticuna,Ticuna 1986 Edition,N2TCA/TBL,TCATBLN2DA,audio_drama,NULL,tca
Datooga,The Bible in Datooga,N2TCC/BST,TCCBSTN2DA,audio_drama,NULL,tcc
Telugu,Telugu Easy to Read Version,N2TCW/WTC,TCWWTCN2DA,audio_drama,Telu,tel
Timne,Themne BSSL Version,N2TEM/BSL,TEMBSLN2DA,audio_drama,NULL,tem
Teso,Ateso 1961 Edition,N2TEO/BSU,TEOBSUN2DA,audio_drama,Latn,teo
Tereno,Terêna 1994 Edition,N2TER/TBL,TERTBLN2DA,audio_drama,Latn,ter
Teribe,Teribe 2008 Edition,N2TFR/WBT,TFRWBTN2DA,audio_drama,NULL,tfr
Tajik,1999 Institute for Bible Translation - Stockholm,N2TGK/IBT,TGKIBTN2DA,audio_drama,Cyrl,tgk
Tagalog,2012 Magandang Balita Biblia,N2TGL/PBS,TGLPBSN2DA,audio_drama,Latn,tgl
Sudest,Sudest New Testament,N2TGO/TBL,TGOTBLN2DA,audio_drama,Latn,tgo
Tangoa,The New Testament in Tangoa,N2TGP/WBT,TGPWBTN2DA,audio_drama,Latn,tgp
Tagwana Senoufo,Tagbana Bible 2010,N2TGW/ABU,TGWABUN2DA,audio_drama,NULL,tgw
Thai,Thai Standard Version,N2THA/TSV,THATSVN2DA,audio_drama,Thai,tha
Tharaka,Tharaka 2002 Edition,N2THK/BTL,THKBTLN2DA,audio_drama,Latn,thk
Tikar,Tikar 1989 Edition,N2TIK/WYI,TIKWYIN2DA,audio_drama,NULL,tik
Tigrinya,Tigrinya Common Language Bible,N2TIR/UBS,TIRUBSN2DA,audio_drama,Ethi,tir
Tiv,The Bible in Tiv 1964 Edition,N2TIV/BSN,TIVBSNN2DA,audio_drama,NULL,tiv
Tobelo,Tobelo 2002 Edition,N2TLB/LAI,TLBLAIN2DA,audio_drama,Latn,tlb
Talinga-Bwisi,Lubwisi New Testament,N2TLJ/WBT,TLJWBTN2DA,audio_drama,Latn,tlj
Tetela,Otetela New 1993 Edition,N2TLL/DRC,TLLDRCN2DA,audio_drama,NULL,tll
Tumak,Tumak New Testament,N2TMC/BIV,TMCBIVN2DA,audio_drama,Latn,tmc
Tanimuca-Retuarã,New Testament Portions in Tanimuca-Letuama,P2TNC/WBT,TNCWBTP2DA,audio_drama,Latn,tnc
Ménik,Bedik - Münik New Testament,N2TNR/NTM,TNRNTMN2DA,audio_drama,Latn,tnr
Toba,Toba Qom Bible (2012),N2TOB/BSA,TOBBSAN2DA,audio_drama,Latn,tob
Coyutla Totonac,Coyutla Totonac 2006 Edition,N2TOC/TBL,TOCTBLN2DA,audio_drama,NULL,toc
Toma,God's Book in Toma,P2TOD/PBT,TODPBTP2DA,audio_drama,Latn,tod
Gitonga,The Bible in Tonga 1996 Edition,N2TOH/SBM,TOHSBMN2DA,audio_drama,Latn,toh
Tonga (Zambia),The Bible in Tonga 1963 Edition,N2TOI/BSZ,TOIBSZN2DA,audio_drama,NULL,toi
Highland Totonac,Totonaco de la Sierra 1999 Edition,N2TOS/TBL,TOSTBLN2DA,audio_drama,NULL,tos
Tok Pisin,Tok Pisin 1989 Edition,S2TPI/PNG,TPIPNGS2DA,audio_drama,Latn,tpi
Tok Pisin,Tok Pisin 1989 Edition,N2TPI/PNG,TPIPNGN2DA,audio_drama,Latn,tpi
Tampulma,Tampulma 1999 Edition,N2TPM/WBT,TPMWBTN2DA,audio_drama,NULL,tpm
Pisaflores Tepehua,Pisaflores Tepehua WBT Version,N2TPP/TBL,TPPTBLN2DA,audio_drama,Latn,tpp
Tlachichilco Tepehua,Tlachichilco Tepehua 2004 Edition,N2TPT/TBL,TPTTBLN2DA,audio_drama,NULL,tpt
Trió,Trio New Testament (2004),N2TRI/UFM,TRIUFMN2DA,audio_drama,Latn,tri
San Martín Itunyoso Triqui,"Triqui, San Martín Itunyoso New Testament (2009)",N2TRQ/TBL,TRQTBLN2DA,audio_drama,Latn,trq
Chicahuaxtla Triqui,Triqui Chicahuaxtla,N2TRS/UTI,TRSUTIN2DA,audio_drama,Latn,trs
Xichangana,The New Testament in Xichangana,N2TSO/BSM,TS1BSMN2DA,audio_drama,Latn,tso
Purepecha,Purepecha New Testament,N2TSZ/BSM,TSZBSMN2DA,audio_drama,Latn,tsz
Tektiteko,Tektiteko 2003 Edition,N2TTC/WBT,TTCWBTN2DA,audio_drama,NULL,ttc
Bwanabwana,Bwanabwana 2003 Edition,N2TTE/WBT,TTEWBTN2DA,audio_drama,Latn,tte
Tuyuca,Tuyuca 2004 Edition,N2TUE/WBT,TUEWBTN2DA,audio_drama,Latn,tue
Central Tunebo,U'wa 1987 Edition,N2TUF/WYI,TUFWYIN2DA,audio_drama,Latn,tuf
Tupuri,Tupuri 2004 Edition,N2TUI/ABC,TUIABCN2DA,audio_drama,NULL,tui
Tumbuka,Tumbuka Bible Mazgu ya Chiuta 2002,N2TUW/BSM,TUWBSMN2DA,audio_drama,NULL,tum
Tucano,Tukano 2004 Edition (Brazil),N2TUO/TBL,TU1TBLN2DA,audio_drama,NULL,tuo
Tucano,Tukano 2005 Edition (Colombia),N2TUO/WBT,TUOWBTN2DA,audio_drama,NULL,tuo
Turkish,Halk Dilinde 2012,N2TRK/WTC,TRKWTCN2DA,audio_drama,Latn,tur
Turkish,Kutsal Kitap 2009,N2TRK/BST,TRKBSTN2DA,audio_drama,Latn,tur
Turkish,Kutsal Kitap 2009,S2TRK/BST,TRKBSTS2DA,audio_drama,Latn,tur
Turkana,Turkana 2001 Edition,N2TUV/BSK,TUVBSKN2DA,audio_drama,NULL,tuv
Western Tawbuid,Western Tawbuid New Testament,N2TWB/OMF,TWBOMFN2DA,audio_drama,Latn,twb
Termanu,"Termanu Today's Rote Version, 2004",N2TWU/LAI,TWULAIN2DA,audio_drama,Latn,twu
Tombonuo,Tombonuo 2002 Edition,N2TXA/TBL,TXATBLN2DA,audio_drama,Latn,txa
Tombonuo,Tombonuo 2002 Edition,P2TXA/TBL,TXATBLP2DA,audio_drama,Latn,txa
Kayapó,Kayapὀ 1996 Edition,N2TXU/TBL,TXUTBLN2DA,audio_drama,Latn,txu
Kyanga,Kyanga Bible,P2TYE/SIM,TYESIMP2DA,audio_drama,Latn,tye
Tuvinian,Tuvinian 2011 Edition,N2TYV/IBT,TYVIBTN2DA,audio_drama,Cyrl,tyv
Tuvinian,Tuvinian 2011 Edition,P2TYV/IBT,TYVIBTP2DA,audio_drama,Cyrl,tyv
Tzeltal,Tzeltal de Oxchuc y Tenejapa 2001 Edition,N2TZH/SBM,TZHSBMN2DA,audio_drama,Latn,tzh
Tzeltal,Tzeltal Bachajón 2006 Edition,N2TZB/SBM,TZBSBMN2DA,audio_drama,Latn,tzh
Tzotzil,Tzotzil de Chamula 2000 Edition,N2TZC/SBM,TZCSBMN2DA,audio_drama,Latn,tzo
Tz'utujil,Tzotzil 2008 Edition,N2TZT/WBT,TZTWBTN2DA,audio_drama,NULL,tzj
Udmurt,Udmurt New Testament,N2UDM/IBT,UDMIBTN2DA,audio_drama,Cyrl,udm
Uduk,Uduk 2007 Edition,N2UDU/SIM,UDUSIMN2DA,audio_drama,NULL,udu
Ukrainian,Ohienko New Testament and Psalms,N2UKR/O95,UKRO95N2DA,audio_drama,NULL,ukr
Umbundu,Umbundu Bible (1963),N2UMB/BSA,UMBBSAN2DA,audio_drama,NULL,umb
Urarina,Urarina 2006 Edition,N2URA/TBL,URATBLN2DA,audio_drama,NULL,ura
Urubú-Kaapor,The New Testament in Kaapor,N2URB/WBT,URBWBTN2DA,audio_drama,Latn,urb
Urdu,Urdu Old Version,N2URD/BSI,URDBSIN2DA,audio_drama,NULL,urd
Urdu,Pakistan Bible Society,N2URD/PAK,URDPAKN2DA,audio_drama,Arab,urd
Urdu,Urdu Easy-to-Read Bible,N2URD/WTC,URDWTCN2DA,audio_drama,NULL,urd
Urhobo,Urhobo New Testament,N2URH/UBS,URHUBSN2DA,audio_drama,NULL,urh
Urak Lawoi',Urak Lawoi' 1998 Edition,N2URK/TBS,URKTBSN2DA,audio_drama,Thai,urk
Uspanteco,Uspanteco 1999 Edition,N2USP/WBT,USPWBTN2DA,audio_drama,Latn,usp
Northern Uzbek,2008 Institute for Bible Translation,P2UZB/IBT,UZBIBTP2DA,audio_drama,Cyrl,uzn
Northern Uzbek,2008 Institute for Bible Translation,N2UZB/IBT,UZBIBTN2DA,audio_drama,Cyrl,uzn
Vagla,Vagla 1977 Edition,N2VAG/WBT,VAGWBTN2DA,audio_drama,NULL,vag
Vai,Vai Bible,N2VAI/BSL,VAIBSLN2DA,audio_drama,Vaii,vai
Virgin Islands Creole English,Virgin Islands Creole Bible,Y2VIC/WBT,VICWBTS2DA,audio_drama,NULL,vic
Vietnamese,Vietnamese Word of God for Everyone (Catholic),N2VIE/LHG,VIELHGN2DA,audio_drama,Latn,vie
Vietnamese,Vietnamese Old Version (1998),N2VIE/VOV,VIEVOVN2DA,audio_drama,Latn,vie
Makhuwa,Emakhuwa-Makuwana New Testament,N2VMW/BSM,VMWBSMN2DA,audio_drama,Latn,vmw
Vunjo,Kivunjo 1999 Edition,N2VUN/BST,VUNBSTN2DA,audio_drama,NULL,vun
Vute,Vuté New Testament,N2VUT/ABC,VUTABCN2DA,audio_drama,Latn,vut
Wolaytta,Wolaitta 2004 SIM and Kale Heywet Church (Latin),N2WAL/SIM,WALSIMN2DA,audio_drama,Latn,wal
Wapishana,Wapishana 2012 Edition,N2WAP/WYI,WAPWYIN2DA,audio_drama,Latn,wap
Waray (Philippines),Samareño 1984 Popular Version,N2WAR/SPV,WARSPVN2DA,audio_drama,Latn,war
Waiwai,UaiUai New Testament,N2WAW/UFM,WAWUFMN2DA,audio_drama,NULL,waw
Wayana,Wayana 1979 Edition,N2WAY/WTV,WAYWTVN2DA,audio_drama,NULL,way
Cameroon Pidgin,Cameroon Pidgin New Testament,N2WES/BSC,WESBSCN2DA,audio_drama,NULL,wes
Wali (Ghana),Naangmini Yelihung Pegi'yiruu,N2WLX/BIV,WLXBIVN2DA,audio_drama,NULL,wlx
Mwani,Mwani WBT Version,N2WMW/WYI,WMWWYIN2DA,audio_drama,Latn,wmw
Wè Northern,We Northern 2010 Edition,N2WOB/WBT,WOBWBTN2DA,audio_drama,NULL,wob
Bouni Barupu,Warapu Bible (Bouni Barupu),P2WRA/WBV,WR2WBVP2DA,audio_drama,NULL,wra
Bouni Pou,Warapu Bible (Bouni Pou),P2WRA/WPV,WR3WPVP2DA,audio_drama,NULL,wra
Warapu,Warapu Bible (Ramo),P2WRA/WRV,WRAWRVP2DA,audio_drama,NULL,wra
Waama,Waama 1994 Edition,N2WWA/WYI,WWAWYIN2DA,audio_drama,Latn,wwa
Kalmyk,Kalmyk-Oirat 2006 Edition,P2XAL/IBT,XALIBTP2DA,audio_drama,Cyrl,xal
Kalmyk,Kalmyk-Oirat 2006 Edition,N2XAL/IBT,XALIBTN2DA,audio_drama,Cyrl,xal
Hdi,Hdi 2013 Edition,N2XED/WYI,XEDWYIN2DA,audio_drama,Latn,xed
Soga,Lusoga BSU Version,N2XOG/BSU,XOGBSUN2DA,audio_drama,Latn,xog
Konkomba,Konkomba Likpakpaaln 1998 Edition,N2KOS/IBS,XO2IBSN2DA,audio_drama,Latn,xon
Liberia Kpelle,Kpelle Liberia 1967 Edition,N2XPE/UBS,XPEUBSN2DA,audio_drama,NULL,xpe
Eastern Karaboro,Eastern Karaboro 1993 Edition,N2XRB/WBT,XRBWBTN2DA,audio_drama,NULL,xrb
Kasem,Kasem 1997 Edition (Burkina Faso),N2KAS/BFV,XSMBFVN2DA,audio_drama,Latn,xsm
Kasem,Kasem 2003 Edition (Ghana),N2KAS/WBT,XSMWBTN2DA,audio_drama,Latn,xsm
Sherpa,The New Testament in Sherpa,N2XSR/WBT,XSRWBTN2DA,audio_drama,Deva,xsr
Sanumá,Sanumἀ 2007 Edition,N2XSU/MEV,XSUMEVN2DA,audio_drama,NULL,xsu
Diuxi-Tilantongo Mixtec,Diuxi-Tilantongo Mixtec 2001 Edition,N2XTD/TBL,XTDTBLN2DA,audio_drama,Latn,xtd
Magdalena Peñasco Mixtec,"New Testament in Mixtec, Magdalena Peñasco",N2XTM/TBL,XTMTBLN2DA,audio_drama,Latn,xtm
Kuo,Kuo 2013 Edition,N2XUO/WBT,XUOWBTN2DA,audio_drama,Latn,xuo
Yaminahua,The New Testament in Yaminahua,N2YAA/TBL,YAATBLN2DA,audio_drama,Latn,yaa
Yagua,The New Testament in Yagua,N2YAD/TBL,YADTBLN2DA,audio_drama,Latn,yad
Yalunka,Yalunka 2008 Edition,N2YAL/PBT,YALPBTN2DA,audio_drama,NULL,yal
Yamba,Yamba 1992 Edition,N2YAM/WBT,YAMWBTN2DA,audio_drama,Latn,yam
Mayangna,The New Testament in Mayangna,N2YAN/BSN,YANBSNN2DA,audio_drama,NULL,yan
Yao,Yao 2008 Edition,N2YAO/BSM,YAOBSMN2DA,audio_drama,NULL,yao
Lokaa,Lokaa 2006 Edition,N2YAZ/TBL,YAZTBLN2DA,audio_drama,Latn,yaz
Yala,Yala Bible,N2YBA/BSN,YBABSNN2DA,audio_drama,Latn,yba
Yucuna,Yucuna WBT Version,N2YCN/WBT,YCNWBTN2DA,audio_drama,Latn,ycn
Yakan,Yakan New Testament,N2YKA/WYI,YKAWYIN2DA,audio_drama,Latn,yka
Angguruk Yali,"Today's Yali Angguruk Version, 1998",N2YLI/LAI,YLILAIN2DA,audio_drama,Latn,yli
Yoruba,The Bible in Yoruba (2004),N2YOR/BSN,YORBSNN2DA,audio_drama,NULL,yor
Yoruba,Yoruba 1960 Edition,N2YOR/UBS,YORUBSN2DA,audio_drama,Latn,yor
Nenets,Portions of the Bible in Nenets,P2YRK/IBT,YRKIBTP2DA,audio_drama,Cyrl,yrk
Yucateco,Maya 1992 Edition,N2YUA/SBM,YUASBMN2DA,audio_drama,Latn,yua
Yue Chinese,Revised Union Version,N2YUH/RUV,YUHRUVN2DA,audio_drama,NULL,yue
Yue Chinese,Cantonese Union Version (Simplified),N2YUH/UNV,YUHUN2N2DA,audio_drama,NULL,yue
Yue Chinese,Cantonese Union Version (Traditional),N2YUH/UNV,YUHUNVN2DA,audio_drama,NULL,yue
Yawa,Yawa 2011 Edition,N2YVA/TBL,YVATBLN2DA,audio_drama,Latn,yva
Sierra de Juárez Zapotec,Sierra de Juarez Zapotec 1970 Edition,N2ZAA/TBL,ZAATBLN2DA,audio_drama,Latn,zaa
Cajonos Zapotec,The New Testament in Zapotec de Yaganiza,N2ZAD/TBL,ZADTBLN2DA,audio_drama,Latn,zad
Yareni Zapotec,Yareni Zapotec WBT Version,N2ZAE/WBT,ZAEWBTN2DA,audio_drama,Latn,zae
Isthmus Zapotec,Isthmus Zapotec 1988 Edition,N2ZAI/TBL,ZAITBLN2DA,audio_drama,NULL,zai
Zanaki,Zanaki WBT Version,P2ZAK/WYI,ZAKWYIP2DA,audio_drama,Latn,zak
Santo Domingo Albarradas Zapotec,Santo Domingo Albarradas Zapotec 2010 Edition,N2ZAS/WYI,ZASWYIN2DA,audio_drama,NULL,zas
Mitla Zapotec,Mitla Zapotec 2006 Edition,N2ZAW/MVR,ZAWMVRN2DA,audio_drama,NULL,zaw
Coatecas Altas Zapotec,Coatecas Altas Zapotec WBT Version,N2ZCA/WYI,ZCAWYIN2DA,audio_drama,Latn,zca
Malay (individual language),Malay Bible: Borneo Version,N2ZLM/AVB,ZLMAVBN2DA,audio_drama,Latn,zlm
Malay (individual language),Malay Bible: Borneo Version,O2ZLM/AVB,ZLMAVBP2DA,audio_drama,Latn,zlm
Malay (individual language),Today's Malay Version,N2MLY/BSM,MLYBSMN2DA,audio_drama,Latn,zlm
Zande (individual language),Zande New Testament (2011),N2ZNE/BSS,ZNEBSSN2DA,audio_drama,Latn,zne
Choapan Zapotec,Zapoteco del Choapan New Testament,N2ZPC/TBL,ZPCTBLN2DA,audio_drama,Latn,zpc
Santa María Quiegolani Zapotec,Santa Mari­a Quiegolani Zapotec 2010 Edition,N2ZPI/WYI,ZPIWYIN2DA,audio_drama,NULL,zpi
Zoogocho Zapotec,The New Testament in Zoogocho Zapotec,N2ZPQ/TBL,ZPQTBLN2DA,audio_drama,Latn,zpq
San Vicente Coatlán Zapotec,Zapoteco de San Vicente Coatlán New Testament (2015),N2ZPT/TBL,ZPTTBLN2DA,audio_drama,Latn,zpt
Yalálag Zapotec,Yalalag Zapotec 2000 Edition,N2ZPU/TBL,ZPUTBLN2DA,audio_drama,NULL,zpu
Texmelucan Zapotec,Texmelucan Zapotec 2004 Edition,N2ZPZ/TBL,ZPZTBLN2DA,audio_drama,Latn,zpz
Zyphe Chin,"New Testament in Chin, Zyphe",N2ZYP/WBT,ZYPWBTN2DA,audio_drama,Latn,zyp
Kadazan Dusun,Archdiocese of Kota Kinabalu Version,N2KZJ/AKK,KZJAKKN2DA,audio_drama,Latn,dtp
Saidi Arabic,"Sa’idi Egyptian, Colloquial Upper Egyptian ",P2AEC/EBS,AECEBSP2DA,audio_drama,NULL,aec
Semai,WYI Version,P2SEA/WYI,SEAWYIP2DA,audio_drama,Latn,sea
Newari,Revised Version,N2NEW/NCL,NEWNCLN2DA,audio_drama,Deva,new