language,stocknumber,script,smstk,file_name
Abidji,N2ABI/WBT,Latn,ABIWBT,Base_ABIDJI_N2_ABI_WBT.XLSX
Achang,N2ACN/BSM,Latn,ACNBSM,Base_NGOCHANG_N2_ACN_BSM.XLSX
Achi,N2ACR/WBT,Latn,ACRWBT,Base_ACHI_RABINAL_N2_ACR_WBT.XLSX
Adioukrou,N2ADJ/WBT,Latn,ADJWBT,Base_ADIOUKROU_N2_ADJ_WBT.XLSX
Aguaruna,N2AGR/TBL,Latn,AGRTBL,Base_AWAJUN_N2_AGR_TBL.XLSX
Agutaynen,N2AGN/WPS,Latn,AGNWPS,Base_AGUTAYNEN_N2_AGN_WPS.XLSX
Akan,N2TWS/BSG,Latn,TWSBSG,Base_AKAN_AKUAPEM_TWI_N2_TWS_BSG.XLSX
Akoose,N2BSS/WBT,Latn,BSSWBT,Base_AKOOSE_N2_BSS_WBT.XLSX
Alangan,N2ALJ/OMF,Latn,ALJOMF,Base_ALANGAN_N2_ALJ_OMF.XLSX
Alune,N2ALP/WBT,Latn,ALPWBT,Base_ALUNE_N2_ALP_WBT.XLSX
Alur,N2ALZ/BSU,Latn,ALZBSU,Base_Alur_N2_ALZ_BSU.xlsx
Ambai,N2AMK/WBT,Latn,AMKWBT,Base_AMBAI_N2_AMK_WBT.XLSX
Amganad Ifugao,N2IFA/WBT,Latn,IFAWBT,Base_CENTRAL_IFUGAO_N2_IFA_WBT.XLSX
Angguruk Yali,N2YLI/LAI,Latn,YLILAI,"Base_YALI,_ANGGURUK_N2_YLI_LAI.XLSX"
Anjam,N2BOJ/WBT,Latn,BOJWBT,Base_ANJAM_N2_BOJ_WBT.XLSX
Aralle-Tabulahan,N2ATQ/LAI,Latn,ATQLAI,Base_ARALLE_TABULAHAN_N2_ATQ_LAI.XLSX
Arosi,N2AIA/WYI,Latn,AIAWYI,Base_AROSI_N2_AIA_WYI.XLSX
AshÃ©ninka Pajonal,N2CJO/WBT,Latn,CJOWBT,Base_ASHENINKA_PAJONAL_N2CJOWBT__NARRATOR_ONLY.XLSX
Awa (Papua New Guinea),N2AWB/TBL,Latn,AWBTBL,Base_AWA_N2_AWB_TBL.XLSX
Ayutla Mixtec,N2MIY/WYI,Latn,MIYWYI,Base_MIXTECAYUTLA_N2_MIY_WYI.XLSX
Balantak,N2BLZ/LAI,Latn,BLZLAI,Base_N2_BLZ_LAI.XLSX
Bambam,N2PTU/LAI,Latn,PTULAI,Base_BAMBAM_N2_PTU_LAI.XLSX
Bandial,N2BQJ/ATB,Latn,BQJATB,Base_BANDIAL_N2_BQJ_ATB.XLSX
Bantoanon,N2BNO/WBT,Latn,BNOWBT,Base_BANTOANON_N2_BNO_WBT.XLSX
Barai,N2BBB/WBT,Latn,BBBWBT,Base_BARAI_N2BBBWBT.XLSX
Bari,N2BFA/BSS,Latn,BFABSS,Base_BARI_N2_BFA_BSS.XLSX
Basque,N2EUS/EAB,Latn,EUSEAB,Base_EUSKARA_N2_EUS_EAB.XLSX
Batad Ifugao,N2IFB/TBL,Latn,IFBTBL,Base_AYANGAN_IFUGAO_N2_IFB_TBL.XLSX
Batak Angkola,N2AKB/LAI,Latn,AKBLAI,Base_BATAK_ANGKOLA_N2AKBLAI.XLSX
Batak Karo,N2BTX/LAI,Latn,BTXLAI,Base_BATAK-KARO_N2_BTX_LAI.XLSX
Batak Simalungun,N2BTS/LAI,Latn,BTSLAI,Base_BATAK_SIMALUNGUN__N2_BTS_LAI.XLSX
Bauzi,N2BVZ/YSS,Latn,BVZYSS,Base_BAUZI_N2_BVZ_YSS.XLSX
Bedjond,N2BJV/WYI,Latn,BJVWYI,Base_NANGNDA_N2_BJV_WYI.XLSX
Bekwarra,N2BKV/WYI,Latn,BKVWYI,Base_BEKWARRA_N2_BKV_WYI.XLSX
Belize Kriol English,N2BZJ/BSW,Latn,BZJBSW,Base_BELIZE_KRIOL_N2_BZJ_BSW.XLSX
Coatecas Altas Zapotec,N2ZCA/WYI,Latn,ZCAWYI,Base_ZAPOTEC_COATECAS_ALTAS_N2_ZCA_WYI.XLSX
Cogui,N2KOG/WBT,Latn,KOGWBT,Base_KOGI_N2_KOG_WBT.XLSX
Colorado,N2COF/WBT,Latn,COFWBT,Base_COLORADO_N2_COF_WBT.XLSX
Cuiba,N2CUI/WBT,Latn,CUIWBT,Base_CUIBA_N2_CUI_WBT.XLSX
Culina,N2CUL/WBT,Latn,CULWBT,Base_CULINA_N2_CUL_WBT.XLSX
Daasanach,N2DSH/BTL,Latn,DSHBTL,Base_DAASANACH_N2_DSH_BTL.XLSX
DangalÃ©at,N2DAA/WYI,Latn,DAAWYI,Base_DANGALEAT_N2_DAA_WYI.XLSX
Dawro,N2DWR/TBL,Latn,DWRTBL,Base_DAWRO_N2_DWR_TBL.XLSX
Dendi (Benin),N2DDN/BIV,Latn,DDNBIV,Base_DENDI_N2DDNBIV.XLSX
Denya,N2ANV/WBT,Latn,ANVWBT,Base_DENYA_N2_ANV_WBT.XLSX
Didinga,N2DID/WBT,Latn,DIDWBT,Base_DIDINGA_N2_DID_WBT.XLSX
Dii,N2DUR/ABC,Latn,DURABC,Base_DII_N2_DUR_ABC.XLSX
Djimini Senoufo,N2DYI/IBS,Latn,DYIIBS,Base_SENOUFO_DJIMINI_N2_DYI_IBS.XLSX
Duri,N2MVP/LAI,Latn,MVPLAI,Base_DURI_N2_MVP_LAI.XLSX
Duruma,N2DUG/BTL,Latn,DUGBTL,Base_N2_DUG_BTL.XLSX
Eastern ApurÃ­mac Quechua,N2QVE/TBL,Latn,QVETBL,Base_QUECHUA_EASTERN_APURIMAC_N2_QVE_TBL.XLSX
Eastern Oromo,N2HAE/BSE,Latn,HAEBSE,Base_OROMO_EASTERN_N2_HAE_BSE.XLSX
Ekajuk,N2EKA/WYI,Latn,EKAWYI,Base_EKAJUK_N2_EKA_WYI.XLSX
Enxet,N2ENX/BSP,Latn,ENXBSP,Base_ÉNXET_N2_ENX_BSP.XLSX
Ese,N2MCQ/TBL,Latn,MCQTBL,Base_ESE_N2_MCQ_TBL.XLSX
Ewe (Ghana),N2EWE/BSG,Latn,EWEBSG,Base_EWE_N2_EWE_BSG.XLSX
Falam Chin,N2FLM/UBS,Latn,FLMUBS,Base_CHIN_FALAM_N2_FLM_UBS.XLSX
Galela,N2GBI/LAI,Latn,GBILAI,Base_GALELA_N2_GBI_LAI.XLSX
Gela,N2NLG/WBT,Latn,NLGWBT,Base_GELA_N2NLGWBT.XLSX
Gilbertese,N2GIL/BSP,Latn,GILBSP,Base_KIRIBATI_N2_GIL_BSP.XLSX
Gofa,N2GOF/TBL,Latn,GOFTBL,Base_GOFFA_N2_GOF_TBL.XLSX
Gor,N2GQR/WBT,Latn,GQRWBT,Base_GOR_N2_GQR_WBT.XLSX
Gorontalo,N2GOR/LAI,Latn,GORLAI,Base_GORONTALO_N2_GOR_LAI.XLSX
GuajajÃ¡ra,N2GUB/WBT,Latn,GUBWBT,Base_GUAJAJARA_N2_GUB_WBT.XLSX
Guerrero Nahuatl,N2NGU/TBL,Latn,NGUTBL,Base_NAHUATL_GUERRERO_N2_NGU_TBL.XLSX
Hakha Chin,N2CNH/BSM,Latn,CNHBSM,Base_CHIN_HAKA_N2_CNH_BSM.XLSX
Hakka Chinese,N2HAK/THV,Latn,HAKTHV,Base_HAKKA_N2_HAK_THV.XLSX
Hamer-Banna,N2AMF/SIM,Latn,AMFSIM,Base_BANNA_N2_AMF_SIM.XLSX
Hanunoo,N2HNN/OMF,Latn,HNNOMF,Base_HANUNOO_N2_HNN_OMF.XLSX
Hdi,N2XED/WYI,Latn,XEDWYI,Base_HDI_N2_XED_WYI.XLSX
Hehe,N2HEH/BST,Latn,HEHBST,Base_N_KIHEHE_N2_HEH_BST.XLSX
Hmong Daw,N2MWW/HDV,Latn,MWWHDV,Base_HMONG_DAW_N2_MWW_HDV.XLSX
Huambisa,N2HUB/WBT,Latn,HUBWBT,Base_HUAMBISA_N2_HUB_WBT.XLSX
Huli,N2HUI/PNG,Latn,HUIPNG,Base_HULI_N2_HUI_PNG.XLSX
IfÃ¨,N2IFE/WBT,Latn,IFEWBT,Base_IFE_N2_IFE_WBT.XLSX
Ika,N2IKK/TBL,Latn,IKKTBL,Base_IKA_N2IKKTBL_R.XLSX
Indonesian,N2INZ/TSI,Latn,INZTSI,Base_N2_INZ_TSI.XLSX
Irigwe,N2IRI/WYI,Latn,IRIWYI,Base_IRIGWE_N2_IRI_WYI.XLSX
Islander Creole English,N2ICR/WYI,Latn,ICRWYI,Base_ISLANDER_CREOLE_N2_ICR_WYI.XLSX
Itawit,N2ITV/STP,Latn,ITVSTP,Base_ITAWIT_N2_ITV_STP.XLSX
Ivbie North-Okpela-Arhe,N2ATG/WYI,Latn,ATGWYI,Base_OKPHELA_N2_ATG_WYI.XLSX
Ixil,N2IXJ/WBT,Latn,IXJWBT,Base_IXIL_CHAJUL_N2_IXJ_WBT.XLSX
Jalapa De DÃ­az Mazatec,N2MAJ/TBL,Latn,MAJTBL,Base_MAZATEC_JALAPA_DE_DIAZ_N2_MAJ_TBL.XLSX
Jamaican Creole English,N2JAM/BSW,Latn,JAMBSW,Base_JAMAICAN_CREOLE_N2_JAM_BSW_FINAL.XLSX
Jola-Fonyi,N2DYO/BSG,Latn,DYOBSG,Base_JOLA_FOGNY_N2_DYO_BSG_MASTER.XLSX
Jur Modo,N2BEX/WBT,Latn,BEXWBT,Base_JURMODO_N2_BEX_WBT.XLSX
Kaansa,N2GNA/WBT,Latn,GNAWBT,Base_KAANSA_N2_GNA_WBT.XLSX
KabiyÃ¨,N2KBP/RCV,Latn,KBPRCV,Base_KABIYE_N2KBPRCV.XLSX
Kagayanen,N2CGC/TBL,Latn,CGCTBL,Base_KAGAYANEN_N2_CGC_TBL.XLSX
Kakwa,N2KEO/BSU,Latn,KEOBSU,Base_KAKWA_N2_KEO_BSU.XLSX
Kalagan,N2KQE/TBL,Latn,KQETBL,Base_KALAGAN_N2_KQE_TBLL.XLSX
Kalanga,N2KCK/BSB,Latn,KCKBSB,Base_KALANGA_N2_KCK_BSB.XLSX
Kankanaey,N2KNE/TBL,Latn,KNETBL,Base_KANKANAEY_N2_KNE_TBL.XLSX
Kaqchikel,N2CKD/WBT,Latn,CKDWBT,Base_CAKCHIQUEL_SOUTH_CENTRAL_N2_CKD_WBT.XLSX
Kaqchikel,N2CKJ/WBT,Latn,CKJWBT,Base_CAKCHIQUEL-XENACOJ_N2_CKJ_WBT.XLSX
Kaulong,N2PSS/BIV,Latn,PSSBIV,Base_KAULONG_N2_PSS_BIV.XLSX
KayapÃ³,N2TXU/TBL,Latn,TXUTBL,Base_KAYAPO_N2_TXU_TBL.XLSX
Keley-I Kallahan,N2IFY/WBT,Latn,IFYWBT,Base_ANTIPOLO_IFUGAO_N2_IFY_WBT.XLSX
Kenga,N2KYQ/WYI,Latn,KYQWYI,Base_KENGA_N2_KYQ_WYI.XLSX
Kenyang,N2KEN/WBT,Latn,KENWBT,Base_KENYANG_N2_KEN_WBT.XLSX
Kera,N2KER/ABT,Latn,KERABT,Base_KERA_N2_KER_ABT.XLSX
K'iche',N2QUC/BLA,Latn,QUCBLA,Base_QUICHE_CATHOLIC_N2_QUC_BLA.XLSX
K'iche',N2CUN/LSM,Latn,CUNLSM,Base_N2_CUN_LSM.XLSX
Kilivila,N2KIJ/PNG,Latn,KIJPNG,Base_KIRIWINA_N2_KIJ_PNG.XLSX
Kim,N2KIA/BSC,Latn,KIABSC,Base_KIM_N2KIABSC.XLSX
KimrÃ©,N2KQP/WBT,Latn,KQPWBT,Base_KIMRE_N2_KQP_WBT.XLSX
Kinaray-A,N2KRJ/WBT,Latn,KRJWBT,Base_KINARAY-A_N2_KRJ_WBT.XLSX
Kouya,N2KYF/WBT,Latn,KYFWBT,Base_KOUYA__N2_KYF_WBT.XLSX
Kukele,N2KEZ/LCN,Latn,KEZLCN,Base_KUKELE_N2_KEZ_LCN.XLSX
Kuman (Papua New Guinea),N2KUE/PNG,Latn,KUEPNG,Base_KUMAN_N2_KUE_PNG.XLSX
Kunda,N2KDN/BSZ,Latn,KDNBSZ,Base_CHIKUNDA_N2_KDN_BSZ.XLSX
Kuo,N2XUO/WBT,Latn,XUOWBT,Base_KUO_N2_XUO_WBT.XLSX
Kutu,N2KDC/PBT,Latn,KDCPBT,Base_N2_KDC_PBT.XLSX
Kuwaa,N2BLH/BSL,Latn,BLHBSL,Base_BELLEH_N2BLHBSL.XLSX
Kwaio,N2KWD/WBT,Latn,KWDWBT,Base_KWAIO_N2KWDWBT_LUK_REV.XLSX
Lahu,N2LHU/TBS,Latn,LHUTBS,Base_LAHU_N2_LHU_TBS.XLSX
Lampung Api,N2LJP/LAI,Latn,LJPLAI,Base_LAMPUNG_N2_LJP_LAI.XLSX
Lango (Uganda),N2LAJ/BSU,Latn,LAJBSU,Base_LANGO_N2_LAJ_BSU_.XLSX
Lashi,N2LSI/BSM,Latn,LSIBSM,Base_LACID_N2_LSI_BSM.XLSX
Latin,N2LTN/NVV,Latn,LTNNVV,Base_LATIN_NOVA_VULGATA__N2_LTN_NVV.XLSX
Ledo Kaili,N2LEW/LAI,Latn,LEWLAI,Base_KAILI_LEDO__N2_LEW_LAI_.XLSX
Lele (Chad),N2LLN/ABT,Latn,LLNABT,Base_LÉLÉ_N2_LLN_ABT.XLSX
Lobi,N2LOB/BSB,Latn,LOBBSB,Base_LOBIRI_N2_LOB_BSB.XLSX
Logo,N2LOG/WYI,Latn,LOGWYI,Base_LOGO_N2_LOG_WYI.XLSX
Lokaa,N2YAZ/TBL,Latn,YAZTBL,Base_LOKAA__N2_YAZ_TBL.XLSX
Loko,N2LOK/LBT,Latn,LOKLBT,Base_LOKO_N2_LOK_LBT.XLSX
Luang,N2LEX/WBT,Latn,LEXWBT,Base_LUANG_N2_LEX_WBT_ERIC_MIXING.XLSX
Lugbara,N2LGG/BSU,Latn,LGGBSU,Base_LUGBARA_N2_LGG_BSU.XLSX
Lundayeh,N2LND/BSM,Latn,LNDBSM,Base_LUN_BAWANG_DAYAH_N2_LND_BSM.XLSX
Luwo,N2LWO/WBT,Latn,LWOWBT,Base_LUWO_N2_LWO_WBT.XLSX
MÃ©nik,N2TNR/NTM,Latn,TNRNTM,Base_MUNIK_N2TNRNTM_.XLSX
MÃ¼ndÃ¼,N2MUH/WBT,Latn,MUHWBT,Base_MUNDU_N2_MUH_WBT.XLSX
Ma'anyan,N2MHY/LAI,Latn,MHYLAI,Base_DAYAK_MAANYAN_N2_MHY_LAI.XLSX
Maasina Fulfulde,N2FFM/TBL,Latn,FFMTBL,Base_FULFULDE_MAASINA_N2_FFM_TBL.XLSX
Maca,N2MCA/WYI,Latn,MCAWYI,Base_MAKA_N2_MCA_WYI.XLSX
Machiguenga,N2MCB/TBL,Latn,MCBTBL,Base_MATSIGENKA_N2_MCB_TBL.XLSX
Macuna,N2MYY/WBT,Latn,MYYWBT,Base_MACUNA_N2_MYY_WBT.XLSX
Macushi,N2MBC/MVA,Latn,MBCMVA,Base_MACUSHI_N2MBCMVA.XLSX
Ma'di,N2MHI/BSU,Latn,MHIBSU,Base_MADI_N2_MHI_BSU.XLSX
Mag-antsi Ayta,N2SGB/TBL,Latn,SGBTBL,Base_AYTA_MAG-ANTSI_N2_SGB_TBL.XLSX
Magdalena PeÃ±asco Mixtec,N2XTM/TBL,Latn,XTMTBL,Base_MIXTEC_MAGDALENA_PENASCO_N2_XTM_TBL_.XLSX
Makasar,N2MAK/LAI,Latn,MAKLAI,Base_MAKASSAR_N2_MAK_LAI.XLSX
Makhuwa,N2VMW/BSM,Latn,VMWBSM,Base_MAKHUWA_N2_VMW_BSM.XLSX
Malawi Lomwe,N2LON/BSM,Latn,LONBSM,Base_POR_ELHOMWE_N2_LON_BSM.XLSX
Maranao,N2MRW/NVS,Latn,MRWNVS,Base_MARANAO_N2_MRW_NVS.XLSX
Marba,N2MPG/ABT,Latn,MPGABT,Base_Azumeina_N2_MPG_ABT.xlsx
Marshallese,N2MAH/WGM,Latn,MAHWGM,Base_MARSHALLESE_N2_MAH_WGM.XLSX
Matal,N2MFH/WYI,Latn,MFHWYI,Base_MATAL_N2_MFH_WYI.XLSX
Matigsalug Manobo,N2MBT/WBT,Latn,MBTWBT,Base_MATIGSALUG_N2_MBT_WBT.XLSX
Mayogo,N2MDM/WYI,Latn,MDMWYI,Base_MAYOGO_N2_MDM_WYI.XLSX
Mayoyao Ifugao,N2IFU/WPS,Latn,IFUWPS,Base_MAYOYAOIFUGAO_N2_IFU_WPS.XLSX
Mbay,N2MYB/ABT,Latn,MYBABT,Base_N2_MYB_ABT_.XLSX
Mbuko,N2MQB/WBT,Latn,MQBWBT,Base_MBUKO_N2_MQB_WBT.XLSX
Melpa,N2MED/PNG,Latn,MEDPNG,Base_MELPA_N2_MED_PNG.XLSX
Mentawai,N2MWV/LAI,Latn,MWVLAI,Base_MENTAWAI_N2_MWV_LAI.XLSX
Merey,N2MEQ/WBT,Latn,MEQWBT,Base_MEREY_N2_MEQ_WBT.XLSX
Meta',N2MGO/WYI,Latn,MGOWYI,Base_META_N2_MGO_WYI.XLSX
Meyah,N2MEJ/TBL,Latn,MEJTBL,Base_MEYAH_N2_MEJ_TBL.XLSX
Minangkabau,N2MIN/LAI,Latn,MINLAI,Base_MINANGKABAU_N2_MIN_LAI.XLSX
Miyobe,N2SOY/SIM,Latn,SOYSIM,Base_SOLA_N2_SOY_SIM.XLSX
Moba,N2MFQ/ABT,Latn,MFQABT,Base_MOBA_LOK_N2_MFQ_ABT.XLSX
Morisyen,N2MFE/BSM,Latn,MFEBSM,Base_MAURITIAN_KREOL_N2_MFE_BSM.XLSX
Moro,N2MOR/BSS,Latn,MORBSS,Base_NUBA_MORO_N2_MOR_BSS.XLSX
Moru,N2MGD/BSS,Latn,MGDBSS,Base_MORU_N2_MGD_BSS.XLSX
Moskona,N2MTJ/TBL,Latn,MTJTBL,Base_MOSKONA_N2_MTJ_TBL.XLSX
Muinane,N2BMR/WBT,Latn,BMRWBT,Base_MUINANE_N2BMRWBT.XLSX
Muna,N2MNB/TBL,Latn,MNBTBL,Base_MUNA_N2_MNB_TBL.XLSX
Mundani,N2MNF/CAB,Latn,MNFCAB,Base_MUNDANI__N2_MNF_CAB.XLSX
Murui Huitoto,N2HUU/TBL,Latn,HUUTBL,Base_HUITOTO_MURUI_N2_HUU_TBL.XLSX
Muyang,N2MUY/WBT,Latn,MUYWBT,Base_MUYANG__N2_MUY_WBT.XLSX
Mwan,N2MOA/WBT,Latn,MOAWBT,Base_MWAN_N2_MOA_WBT.XLSX
Mwani,N2WMW/WYI,Latn,WMWWYI,Base_MWANI_N2_WMW_WYI.XLSX
Naasioi,N2NAS/PNG,Latn,NASPNG,Base_NAASIOI_N2_NAS_PNG.XLSX
NadÃ«b,N2MBJ/WBT,Latn,MBJWBT,Base_NADEB_N2MBJWBT.XLSX
Nalca,N2NLC/LAI,Latn,NLCLAI,Base_NALCA_N2_NLC_LAI.XLSX
Nande,N2NNB/BSU,Latn,NNBBSU,Base_KINANDI_N2_NNB_BSU.XLSX
Napu,N2NPY/LAI,Latn,NPYLAI,Base_HUA_N2_NPY_LAI.XLSX
Ndo,N2KDP/BSU,Latn,KDPBSU,Base_KEBU_N2_KDP_BSU.XLSX
Ngaju,N2NIJ/LAI,Latn,NIJLAI,Base_NGAJU_N2_NIJ_LAI.XLSX
Ngangam,N2GNG/WYI,Latn,GNGWYI,Base_GANGAM_N2_GNG_WYI.XLSX
Nigerian Pidgin,N2PCM/TSC,Latn,PCMTSC,Base_NIGERIAN_PIDGIN_N2_PCM_TSC.XLSX
Ninzo,N2NIN/WYI,Latn,NINWYI,Base_NINZO_N2_NIN_WYI.XLSX
Nomaande,N2LEM/WBT,Latn,LEMWBT,Base_NOMAANDE_N2_LEM_WBT.XLSX
Nomatsiguenga,N2NOT/TBL,Latn,NOTTBL,Base_NOMATSIGUENGA_N2_NOT_TBL.XLSX
Noon,N2SNF/WYI,Latn,SNFWYI,Base_NOON_N2_SNF_WYI.XLSX
Noone,N2NHU/WBT,Latn,NHUWBT,Base_NOONI_N2_NHU_WBT.XLSX
North JunÃ­n Quechua,N2QVN/LLB,Latn,QVNLLB,Base_QUECHUA_NORTHERN_JUNIN_N2_QVN_LLB.XLSX
North Mofu,N2MFK/ABC,Latn,MFKABC,"Base_MOFU,_NORTH_N2_MFK_ABC.XLSX"
North Ndebele,N2NDE/BSZ,Latn,NDEBSZ,Base_NDEBELE1_ZIMBABWE_N2_NDE_BSZ.XLSX
Northern Pastaza Quichua,N2QVZ/WBT,Latn,QVZWBT,Base_QUICHUA_NORTHERN_PASTAZA_N2_QVZ_WBT.XLSX
Northern Puebla Nahuatl,N2NCJ/TBL,Latn,NCJTBL,Base_NAHUATL_NORTE_PUEBLA_N2_NCJ_TBL.XLSX
Nuer,N2NUS/BSS,Latn,NUSBSS,Base_NUER_N2_NUS_BSS.XLSX
Nyabwa,N2NWB/WBT,Latn,NWBWBT,Base_NYABOA_N2_NWB_WBT.XLSX
Nyankole,N2NYN/BSU,Latn,NYNBSU,Base_RUNYANKORE-RUKIGA_N2_NYN_BSU.XLSX
Nyindrou,N2LID/WBT,Latn,LIDWBT,Base_NYINDROU_N2LIDWBT.XLSX
Nyoro,N2NYO/BSU,Latn,NYOBSU,Base_RUNYORO_RUTORO_N2_NYO_BSU.XLSX
Obo Manobo,N2OBO/WBT,Latn,OBOWBT,Base_MINONUVU_OBO_MANOBO_N2_OBO_WBT.XLSX
Pahanan Agta,N2APF/CMU,Latn,APFCMU,Base_AGTA_2C_PAHANAN_N2_APF_CMU.XLSX
Palauan,N2PAU/UBS,Latn,PAUUBS,Base_PALAUAN_N2_PAU_UBS.XLSX
Panao HuÃ¡nuco Quechua,N2QXH/WBT,Latn,QXHWBT,Base_QUECHUA_PANAO_N2_QXH_WBT.XLSX
Pangasinan,N2PAG/PBS,Latn,PAGPBS,Base_N2_PAG_PBS.XLSX
Papiamento,N2PAP/BSN,Latn,PAPBSN,Base_PAPIAMENTU_N2PAPBSN.XLSX
Paraguayan GuaranÃ­,N2GUG/RPV,Latn,GUGRPV,Base_GUARANI_PARAGUAYAN_N2_GUG_RPV.XLSX
Paranan,N2AGP/WBT,Latn,AGPWBT,Base_PARANAN_N2_AGP_WBT.XLSX
Parauk,N2PRK/BSM,Latn,PRKBSM,Base_WA_N2_PRK_BSM.XLSX
Parkwa,N2PBI/WYI,Latn,PBIWYI,Base_PODOKO_PARKWA_N2_PBI_WYI.XLSX
Patamona,N2PBC/BSS,Latn,PBCBSS,Base_PATAMONA_N2_PBC_BSS.XLSX
PaumarÃ­,N2PAD/TBL,Latn,PADTBL,Base_PAUMARI_N2_PAD_TBL.XLSX
Pichis AshÃ©ninka,N2CPU/WBT,Latn,CPUWBT,Base_ASHENINKA_PICHIS_N2CPUWBT.XLSX
Piratapuyo,N2PIR/WBT,Latn,PIRWBT,Base_PIRATAPUYO_N2_PIR_WBT.XLSX
Pisaflores Tepehua,N2TPP/TBL,Latn,TPPTBL,Base_TEPEHUA_PISAFLORES_N2_TPP_TBL.XLSX
Plapo Krumen,N2KTJ/WBT,Latn,KTJWBT,Base_KROUMEN_PALPO_N2_KTJ_WBT.XLSX
Portuguese,N2POR/BSP,Latn,PORBSP,Base_PORTUGUESE_N2_POR_BSP.XLSX
Puinave,N2PUI/SMV,Latn,PUISMV,Base_PUINAVE_N2_PUI_SMV.XLSX
Pular,N2FUF/PBT,Latn,FUFPBT,Base_PULAR_N2_FUF_PBT.XLSX
Purepecha,N2TSZ/BSM,Latn,TSZBSM,Base_PUREPECHA_N2_TSZ_BSM.XLSX
Quetzaltepec Mixe,N2PXM/BSM,Latn,PXMBSM,Base_MIXE_QUETZALTEPEC_RECIENTEN2_PXM_BSM.XLSX
Rejang,N2REJ/LAI,Latn,REJLAI,Base_REJANG_LEBONG_N2_REJ_LAI.XLSX
Roviana,N2RUG/WBT,Latn,RUGWBT,Base_ROVIANA_N2_RUG_WBT.XLSX
Saamia,N2LSM/BSU,Latn,LSMBSU,Base_LUSAMYA-LUGWE_N2_LSM_BSU.XLSX
San JerÃ³nimo TecÃ³atl Mazatec,N2MAA/SJV,Latn,MAASJV,Base_MAZATEC_SAN_JERONIMO__N2_MAA_SJV.XLSX
San Vicente CoatlÃ¡n Zapotec,N2ZPT/TBL,Latn,ZPTTBL,Base_ZAPOTECO_SAN_VICENTE_COATLAN_N2_ZPT_TBL.XLSX
Sangir,N2SXN/LAI,Latn,SXNLAI,Base_SANGIR_N2_SXN_LAI.XLSX
Sango,N2SAG/CAR,Latn,SAGCAR,Base_SANGO_N2_SAG_CAR.XLSX
Santa MarÃ­a Zacatepec Mixtec,N2MZA/WBT,Latn,MZAWBT,Base_MIXTEC_ZACATEPEC_N2_MZA_WBT.XLSX
Santa Teresa Cora,N2COK/WBT,Latn,COKWBT,Base_CORA_SANTA_TERESA_N2_COK_WBT.XLSX
Sarangani Blaan,N2BPS/WPS,Latn,BPSWPS,Base_SARANGANI_BLAAN_N2_BPS_WPS.XLSX
Sasak,N2SAS/LAI,Latn,SASLAI,Base_SASAK_N2_SAS_LAI.XLSX
Secoya,N2SEY/WBT,Latn,SEYWBT,Base_SECOYA_N2_SEY_WBT.XLSX
Sekpele,N2LIP/WBT,Latn,LIPWBT,Base_SEKPELE_N2_LIP_WBT.XLSX
Selee,N2SNW/WBT,Latn,SNWWBT,Base_SELEE_N2_SNW_WBT.XLSX
Sena,N2SEH/BSM,Latn,SEHBSM,Base_CHISENA_N2_SEH_BSM.XLSX
Sharanahua,N2MCD/TBL,Latn,MCDTBL,Base_SHARANAHUA_N2_MCD_TBL.XLSX
Shilluk,N2SHK/BSS,Latn,SHKBSS,Base_SHILLUK_N2_SHK_BSS.XLSX
Shipibo-Conibo,N2SHP/TBL,Latn,SHPTBL,Base_SHIPABO_N2_SHP_TBL.XLSX
Shuar,N2JIV/AIE,Latn,JIVAIE,Base_SHUAR_N2_JIV_AIE.XLSX
Siane,N2SNP/WBT,Latn,SNPWBT,Base_SIANE_KOMONGU_N2SNPWBT.XLSX
Sierra de JuÃ¡rez Zapotec,N2ZAA/TBL,Latn,ZAATBL,Base_ZAPOTECO_SIERRA_JUAREZ_N2_ZAA_TBL.XLSX
Sinte Romani,N2RMO/RAM,Latn,RMORAM,Base_ROMANI_SINTI_N2_RMO_RAM.XLSX
Siona,N2SNN/WBT,Latn,SNNWBT,Base_SIONA_N2_SNN_WBT.XLSX
Siriano,N2SRI/WBT,Latn,SRIWBT,Base_SIRIANO_N2_SRI_WBT.XLSX
Siwu,N2AKP/WBT,Latn,AKPWBT,Base_SIWU_N2_AKP_WBT.XLSX
Soga,N2XOG/BSU,Latn,XOGBSU,Base_LUSOGA_N2_XOG_BSU.XLSX
Southern Puebla Mixtec,N2MIT/TBL,Latn,MITTBL,Base_MIXTEC_PUEBLA_SUR_N2_MIT_TBL.XLSX
Southwest Gbaya,N2GSO/CAR,Latn,GSOCAR,Base_GBAYA_SOUTHWESTERN_N2_GSO_CAR.XLSX
Southwestern Dinka,N2DIK/TBL,Latn,DIKTBL,Base_DINKA_REK_N2_DIK_TBL.XLSX
Spanish,N2SPN/BDA,Latn,SPNBDA,Base_SPANISH_BIBLIA_DE_AMERICA_N2_SPN_BDA.XLSX
Spanish,N2SPN/WTC,Latn,SPNWTC,Base_SPANISH__N2_SPN_WTC01.XLSX
Standard Latvian,N2LAT/BSL,Latn,LATBSL,Base_LATVIAN_N2_LAT_BSL.XLSX
Suba,N2SXB/BTL,Latn,SXBBTL,Base_SUBA_N2SXBBTL.XLSX
Sudest,N2TGO/TBL,Latn,TGOTBL,Base_SUDEST_N2_TGO_TBL.XLSX
Susu,N2SUS/PBT,Latn,SUSPBT,Base_SUSU_N2_SUS_PBT.XLSX
Tabaru,N2TBY/LAI,Latn,TBYLAI,Base_TABARU_N2_TBY_LAI.XLSX
Tagalog,N2TGL/PBS,Latn,TGLPBS,Base_TAGALOG_N2_TGL_PBS.XLSX
Tai Dam,N2BLT/EPI,Latn,BLTEPI,Base_TAI_DAM_N2_BLT_EPI.XLSX
Takia,N2TBC/PNG,Latn,TBCPNG,Base_TAKIA_N2_TBC_PNG.XLSX
Tatuyo,N2TAV/WBT,Latn,TAVWBT,Base_N2_TAV_WBT.XLSX
Tedim Chin,N2CTD/TEV,Latn,CTDTEV,Base_CHIN_TIDDIM_N2_CTD_TEV.XLSX
Tena Lowland Quichua,N2QUW/HLE,Latn,QUWHLE,Base_QUICHUA_TENA_LOWLAND_N2_QUW_HLE.XLSX
Tereno,N2TER/TBL,Latn,TERTBL,Base_TERENA_N2_TER_TBL.XLSX
Termanu,N2TWU/LAI,Latn,TWULAI,Base_ROTE_N2_TWU_LAI.XLSX
Teso,N2TEO/BSU,Latn,TEOBSU,Base_ATESO_N2_TEO_BSU.XLSX
Texmelucan Zapotec,N2ZPZ/TBL,Latn,ZPZTBL,Base_ZAPOTECO_DE_TEXMELUCAN_N2_ZPZ_TBL.XLSX
Tharaka,N2THK/BTL,Latn,THKBTL,Base_THARAKA_N2_THK_BTL.XLSX
Tobelo,N2TLB/LAI,Latn,TLBLAI,Base_TOBELO__N2_TLB_LAI_.XLSX
Tol,N2JIC/WBT,Latn,JICWBT,Base_TOLPAN_N2_JIC_WBT.XLSX
Toraja-Sa'dan,N2SDA/LAI,Latn,SDALAI,Base_TORAJA_N2_SDA_LAI.XLSX
Toura (CÃ´te d'Ivoire),N2NEB/WYI,Latn,NEBWYI,Base_TOURA_N2_NEB_WYI.XLSX
TriÃ³,N2TRI/UFM,Latn,TRIUFM,Base_TRIO_N2_TRI_UFM.XLSX
Tumak,N2TMC/BIV,Latn,TMCBIV,Base_TUMAK_N2_TMC_BIV.XLSX
Turkish,N2TRK/WTC,Latn,TRKWTC,Base_TURKISH_N2_TRK_WTC_FINAL.XLSX
Tuwuli,N2BOV/WBT,Latn,BOVWBT,Base_TUWULI_N2_BOV_WBT.XLSX
Tuyuca,N2TUE/WBT,Latn,TUEWBT,Base_TUYUCA_N2_TUE_WBT.XLSX
Tyap,N2KCG/WBT,Latn,KCGWBT,Base_TYAP_N2_KCG_WBT.XLSX
Ucayali-YurÃºa AshÃ©ninka,N2CPB/WBT,Latn,CPBWBT,Base_ASHENINKA_UCAYALI-YURUA_N2CPBWBT.XLSX
Uma,N2PPK/LAI,Latn,PPKLAI,Base_UMA_N2_PPK_LAI.XLSX
UrubÃº-Kaapor,N2URB/WBT,Latn,URBWBT,Base_KAAPOR_N2URBWBT.XLSX
Vengo,N2BAV/WBT,Latn,BAVWBT,Base_BABUNGO_VENGO_N2_BAV_WBT.XLSX
Vietnamese,N2VIE/LHG,Latn,VIELHG,Base_VIETNAMESE_N2VIELHG.XLSX
Vute,N2VUT/ABC,Latn,VUTABC,Base_VUTE_N2_VUT_ABC.XLSX
Waama,N2WWA/WYI,Latn,WWAWYI,Base_WAAMA_N2_WWA_WYI.XLSX
Wandala,N2MFI/WYI,Latn,MFIWYI,Base_MANDARA_N2_MFI_WYI.XLSX
Waorani,N2AUC/WBT,Latn,AUCWBT,Base_WAORANI_N2_AUC_WBT.XLSX
Waray (Philippines),N2WAR/SPV,Latn,WARSPV,Base_SAMARENO_N2_WAR_SPV.XLSX
Welsh,N2WLS/BCN,Latn,WLSBCN,Base_WELSH_DISPLAY.XLSX