line_number,phonetic_distance,edit_distance,transcribed_text,source_text
00054,1,4,matiutiri,matiu
01115,0,5,ijadufuofuurinakiaenaoenoneigefunekamamukoreigiaoefiadiedonanabitenabaronedufuoijadufuojanikaigiakarinanasamuaginokiae,ijadufuofuurinakiaenaoenoneigefunekamaurukeigiaoefiadiedonanabitenabaronedufuoijadufuojanikaigiakarinanasamuagienokiae
00515,0,0,buijiegerekinubukasinuomeromoniireobooetuakinuvierafevoijarevuamaejebufievaijebunekatoteveijadufuovuamaejebufievaijefuoebuoneijiatavuanaajiafokiravobaki,buijiegerekinubukasinuomeromoniireobooetuakinuvierafevoijarevuamaejebufievaijebunekatoteveijadufuovuamaejebufievaijefuoebuoneijiatavuanaajiafokiravobaki
00505,0,1,ijadufuonavierafevuaijeasaeaegodidovuavierafenakuaemofuisuibekuaemaijefukamakuaerovuaijefukuaemaijefuijiegeisoejavuaijejanefiekerovevuaijiebuomaejejabemukoevierafedufuorokukejanegiakeroveirerejagiavoijejamavierafekuvabaki,ijadufuonavierafevuaijeasaeaegodidovuavierafenakuaemofuisuibekuaemaijefukamakuaerovuaijefukuaemaijebuijiegeisoejavuaijejanefiekerovevuaijiebuomaejejabemukoevierafedufuorokukejanegiakeroveirerejagiavoijejamavierafekuvabaki
00340,0,2,jesufuneevuafuonefievotueroijekiamoburovogafudarofuoneijemiaefudaroijefuabenakaveneisekiagabueijearenavadufuoroadameabevoijeamaeriadufuoijenemiae,jesufuneevuafuonefievotueroijekiamoburovogafudarofuoneijemiaefudaroijebuabenakaveneisekiagabueijearenavadufuoroeadameabevoijeamaeriadufuoijenemiae
00350,0,3,rokamuiijejadekenaoenoejoronimeugonejasavoijiakirodiasurijasavoromudujabijuanoejoijiarukenaoenoefoijadufuomaejeirereboejeeiniemoejobukedufuoijebueijebuifejiavoijiebejasamuagiakinuifejiake,rokamuiijejadekenaoenoejoronimeugonejasavoijiakirodiasurijasavoromudujabijuanoejoijiarukenaoenoefoijadufuomaejeirereboejeeimenoejobukedufuoijebueijebuifejiavoijiebejasamuagiakinuifejiake
00673,0,0,ijadufuomaejeerarefuunafuoneizegefumafivadufuoijiaruurukevierafenoenoijefuradevamemakarivakoijeabekumabakiroerarefumazaboejeunaegueoetuanaifejiamoijeradefuvamemakarivakoijeabeke,ijadufuomaejeerarefuunafuoneizegefumafivadufuoijiaruurukevierafenoenoijefuradevamemakarivakoijeabekumabakiroerarefumazaboejeunaegueoetuanaifejiamoijeradefuvamemakarivakoijeabeke
00489,1,6,matiutetini,matiu
00499,0,2,ijiegeroerarefuadakikumanivuaigemukoreigiafienokiae,ijiegeroerarefuadanekikumanivuaigemukoreigiafienokiae
00548,0,0,buugieijeabeonairegakijumebuijiaivaemairitoejekumabumerudabeirifoijianijakearemebunekarinakijumeijekaranamaejebukamuiijiakegaroiseijebukarikoreke,buugieijeabeonairegakijumebuijiaivaemairitoejekumabumerudabeirifoijianijakearemebunekarinakijumeijekaranamaejebukamuiijiakegaroiseijebukarikoreke
00558,0,1,ijadufuojesufusidovefuoneijiafuvamesuvikibinofunaebeuruvanareiijadufuomaejeefuoneijebunaebefumavierafei,ijadufuojesufusidovefuoneijiafuvamesumikibinofunaebeuruvanareiijadufuomaejeefuoneijebunaebefumavierafei
00103,0,0,aremejesufuneveijiaurinaaregareriguoveijiaareisesinaejiusibuafuinavuakuaevoijiaarunaoenoekinuvuanijasianoefuvuanijasianoekinueboejevuamaejegodifuizegeoebuoneijesamuagiadufuoijenekuarianoefuijiegerenoekinukukeeisekiboejeadameabekinuroaekirariaevaijekarauniae,aremejesufuneveijiaurinaaregareriguoveijiaareisesinaejiusibuafuinavuakuaevoijiaarunaoenoekinuvuanijasianoefuvuanijasianoekinueboejevuamaejegodifuizegeoebuoneijesamuagiadufuoijenekuarianoefuijiegerenoekinukukeeisekiboejeadameabekinuroaekirariaevaijekarauniae
00019,0,0,fuijiegevierafenoenogaeireoboijadufuoaneraijarearinakauranakuaejosofuedevididouifariigebarameriaabekirojumemoijefubakinoabene,fuijiegevierafenoenogaeireoboijadufuoaneraijarearinakauranakuaejosofuedevididouifariigebarameriaabekirojumemoijefubakinoabene
00009,0,2,rojoramefuurifarifuoneeajaraeanafenogafuurifarifuoneejotaminafenogafuurifarifuoneeeasinafeiroeasifuurifarifuoneeezekaeanafenogafuurifarifuoneemanasanafenogafuurifarifuoneeamoninafei,rojoramefuurifarifuoneeazaraeanafenogafuurifarifuoneejotaminafenogafuurifarifuoneeeasinafeiroeasifuurifarifuoneeesekaeanafenogafuurifarifuoneemanasanafenogafuurifarifuoneeamoninafei
01099,0,0,emaijiebuofariigenaejenabudabeizegebubukiakaeijianoesinaisoenakuaevaijiegerenakanieganabaronekeroveigiafieeijeerarenaabenaunaeaniijemiamoijefuisekoijadufuomaejegodifukaeijedabevameiseijiaisekafakerokukeasiefuonefunaebeeijebietevabitieijefunemarekonokiae,emaijiebuofariigenaejenabudabeizegebubukiakaeijianoesinaisoenakuaevaijiegerenakanieganabaronekeroveigiafieeijeerarenaabenaunaeaniijemiamoijefuisekoijadufuomaejegodifukaeijedabevameiseijiaisekafakerokukeasiefuonefunaebeeijebietevabitieijefunemarekonokiae
01089,0,0,aremeetuerojesudovuafievoijiaebeivefuoneijejudasiisikariotiijefuneezinoneifaejevoijiebuoemamekanuijekarivaijiavae,aremeetuerojesudovuafievoijiaebeivefuoneijejudasiisikariotiijefuneezinoneifaejevoijiebuoemamekanuijekarivaijiavae
00086,0,0,fuijiegenijaemaaremeurikuaekameijiaganeaiviaigianaaugesanabanameisoekumanaireboejeagiaemaijeunaavajakonokuae,fuijiegenijaemaaremeurikuaekameijiaganeaiviaigianaaugesanabanameisoekumanaireboejeagiaemaijeunaavajakonokuae
00359,0,1,rokukejanoefuoimenoevoijadufuobukajatoenamiakameekinibinoroeromukubuoemamekanuijiebuovadufuobukaenamiaijiavagajaemamekanuijeaberoejiusibakiijiebuoniduaijiairenagodidovuamaejekuariadufuo,rokukejanoefuoimenoevoijadufuobukajatoenamiakameekinibinoroeromukobuoemamekanuijiebuovadufuobukaenamiaijiavagajaemamekanuijeaberoejiusibakiijiebuoniduaijiairenagodidovuamaejekuariadufuo
00349,0,1,rokukeigiafiejadeiregurodirosirivaromonikavuanebinokedenaoenoejo,rokukeigiafiejadeiregorodirosirivaromonikavuanebinokedenaoenoejo
00382,0,2,roerarefuumeigiamazaboejefuonevierafemaijeoetuakinukenoenoijeradefuunaizegevamemafivakoijeabekumabakiroerarefuumeigiamazaboejefuonemafivadufuoijefukatoteganarounaeguevierafekinuoetuanaifejianoenoeijefukaradevamemakarivakoijeabeke,roerarefuumeigiamazaboejefuonevierafemaijeoetuakinukenoenoijeradefuunaizegevamemafivakoijeabekumabakiroerarefuumeigiamazaboejefuonemafivadufuoijefukatoteganarounaeguevierafekinuoetuanaifejianoenoeijefuradevamemakarivakoijeabeke
00010,0,0,roamonifuurifarifuoneejosaeanafenogafuurifarifuoneejekoniakiroiviefarifuoneijenafei,roamonifuurifarifuoneejosaeanafenogafuurifarifuoneejekoniakiroiviefarifuoneijenafei
00655,0,0,ijadufuojaijevierafenamukoreigiagiakinuoenoekirojadeunavamebuonekaisebuvierafenakenoevoijianuvediavonokiae,ijadufuojaijevierafenamukoreigiagiakinuoenoekirojadeunavamebuonekaisebuvierafenakenoevoijianuvediavonokiae
00645,0,1,rosuokefusaovegariakazigajakuavofuveireobodakuvenokuaevoijadufuojamazanigarefuvedakuverobakiijejanesaovegariaizegefuremoijiaganakuaevoroiviamanaigifurekiiresumikibinorenoekojanegieverovejaireijiebuomaejejakanaebemukoegianavierafeve,rosuokefusaovegariakazigajakuaevofuveireobodakuvenokuaevoijadufuojamazanigarefuvedakuverobakiijejanesaovegariaizegefuremoijiaganakuaevoroiviamanaigifurekiiresumikibinorenoekojanegieverovejaireijiebuomaejejakanaebemukoegianavierafeve
01141,0,0,roezinoneifaejevoijiebuoeireoboijefuurinaunajesukuaeavierafeabevuabinounaegurebuoesinakuaevoijeguekuariakekeabakinokuae,roezinoneifaejevoijiebuoeireoboijefuurinaunajesukuaeavierafeabevuabinounaegurebuoesinakuaevoijeguekuariakekeabakinokuae
00533,0,0,aremejesufuneeijeijiauniakonafuneunaareijiaaruvakoganaevuafuonefievoijebuneijianuvenaaruvaebuusiaenakuaenivuaijeaabefieneijiamenakuariaemaijadufuomaejekuaruonofienokuae,aremejesufuneeijeijiauniakonafuneunaareijiaaruvakoganaevuafuonefievoijebuneijianuvenaaruvaebuusiaenakuaenivuaijeaabefieneijiamenakuariaemaijadufuomaejekuaruonofienokuae
01151,0,0,aremefuneunakekenaekaefasidoaremakavevieneijiavaefuikokekevakoijiabarabefuijiaimenoijareganaurieijeirevaijekiaeegurefujesuenasaretikoijiakioenoenonagaevanokiae,aremefuneunakekenaekaefasidoaremakavevieneijiavaefuikokekevakoijiabarabefuijiaimenoijareganaurieijeirevaijekiaeegurefujesuenasaretikoijiakioenoenonagaevanokiae
00523,0,1,buijiegekuaravogafukiaejafienemekuvajakauijemaejeijiakumanafekeijadufuoniijiaaregabubesutavuafonamazaijenoireuijekanafuivoijianaenonekiagabuudefieneiseijenafeufuanakamemianeifaejebunaukearemebuuijemaejekanafuinaunaarenonemaejeijianaejiekonokiae,buijiegekuaravogafukiaejafienemekuvajakauijemaejeijiakumanafekeijadufuoniijiaaregabubesutavuafonamazaijenoireuijekanafuivoijianaenonekiagabuudefieneiseijenafeufuanakamemianeifaejebunaokearemebuuijemaejekanafuinaunaarenonemaejeijianaejiekonokiae
00366,0,1,rovenaejenanemaeireobojoneijadufuobunadabeijiegekiekuvanavierafegaenoneijejaejebukameivemaomiseijiaimiadufuo,rovenaejenanemaeireobojoneijadufuobunadabeijiegekiekuvanavierafegaenoneijejaejebukameivemaomeiseijiaimiadufuo
01080,0,1,buijiaafuinamauikenurieteizegebujesukanadufuoijenekuaebukuaenojesukanakuvanobemazaijenoiroivoijiakanakeijadufuomaejeeigiaruaevaijebukadefaruduakuvabukaurinanoenabijaekonokuae,buijiaafuinamauikenurieteizegebujesukanadufuoijenekuaebukuaenojesukanakuvanobemazaijenoiroivoijiakanakeijadufuomaejeeigiaruaevaijebukadefarudiakuvabukaurinanoenabijaekonokuae
01090,0,1,funevaijiakekenakiaejavierafenajesuabeunajamiaekuvajairereabenamiekonokiaejudasifuijiegekuariamogabuneurinamonisuninetetiijiegekaranavajaearemefuneveijiaurinavameizegefujesuabemiagabukanadufuoijererenoe,funevaijiakekenakiaejavierafenajesuabeunajamiakuvajairereabenamiekonokiaejudasifuijiegekuariamogabuneurinamonisuninetetiijiegekaranavajaearemefuneveijiaurinavameizegefujesuabemiagabukanadufuoijererenoe
01123,0,0,roeijefunaabeeaninonemiadufuoijefunegafiaruomononiurinovanokiae,roeijefunaabeeaninonemiadufuoijefunegafiaruomononiurinovanokiae
00551,0,1,ijadufuofuunakiaeakaenijasiamobeerarefuunagodieijefuoebuoneijesamuagiamoijenamaziemoijefuearekoekiigeki,ijadufuofuunakiaeeakaenijasiamobeerarefuunagodieijefuoebuoneijesamuagiamoijenamaziemoijefuearekoekiigeki
01133,0,0,rovenavierafenaijiegerekuvavuaijebubukiakaeijiaisoenanoesinakuaemaijefuberiaredufuoijadufuoniarekeirerefukuaemaijefurenokiae,rovenavierafenaijiegerekuvavuaijebubukiakaeijiaisoenanoesinakuaemaijefuberiaredufuoijadufuoniarekeirerefukuaemaijefurenokiae
00062,0,2,rounaeferesiijiakiroesejusiuruvanabudoruekuafuoneruovogafugianaurikiaeegarekaisemavierafenoekinuaroekaranoejogariejajavieraferojanemarenoedogodifuberadejakameisekafiakirojaijiegevierafejoneizegejaebiesirianoekinuaroekaravoijearefo,rounaeferesiijiakiroesejusiuruvanabudoruekuaefuonerovogafugianaurikiaeegarekaisemavierafenoekinuaroekaranoejogariejajavieraferojanemarenoedogodifuberadejakameisekafiakirojaijiegevierafejoneizegejaebiesirianoekinuaroekaravoijearefo
00072,0,2,fuijiegekuaramogajesufukuaijeanemakuaerovenavierafeabearekiroanadoruorikenoijiegerekinanomazaboejeireregodifukuaruomoijebinonobeijuonoekironokamazaboejefuirinanarenoekonokuaeijadufuojonifuvierafegafunemaganafuurijesudoruorae,fuijiegekuaramogajesufukuaijeanemakuaerovenavierafeabearekiroanadoruoriekenoijiegerekinanomazaboejeireregodifukuaruomoijebinonobeijuonekironokamazaboejefuirinanarenoekonokuaeijadufuojonifuvierafegafunemaganafuurijesudoruorae
00348,0,0,roeijebukaveneiseijiebenirokiaevaijenekuriaerenakiagabueijearenausiaevaforoigiafiedarononeigenavajiaevaijejamonidofuaevenakevabakiijadufuoirerejavarenoevoijejadeunaveijadufuoirebinokekuaevierafevo,roeijebukaveneiseijiebenirokiaevaijenekuriaerenakiagabueijearenausiaevaforoigiafiedarononeigenavajiaevaijejamonidofuaevenakevabakiijadufuoirerejavarenoevoijejadeunaveijadufuoirebinokekuaevierafevo
00358,0,0,rojaoenoekuvanieijemukoegiakinuoenoefoeijebukaoenoenejatoenamianakameekotofievoijiebuovadufuorokukebukaejiusibuoareisesinabuvuakuaevoguoveijiaifiadufuo,rojaoenoekuvanieijemukoegiakinuoenoefoeijebukaoenoenejatoenamianakameekotofievoijiebuovadufuorokukebukaejiusibuoareisesinabuvuakuaevoguoveijiaifiadufuo
00097,0,0,arememazabejesufudogareridaturakonafuemairifoijiaoenoenefuoenoenoijiafuekimaesavoinokiroinoiviegiesaemonieijebukukekuafitanokuavoijiakirouviafuoneeaduruijebiediaeroeinokiroijebuugiebuoneijekenakijumeokurianoeve,arememazabejesufudogareridaturakonafuemairifoijiaoenoenefuoenoenoijiafuekimaesavoinokiroinoiviegiesaemonieijebukukekuafitanokuavoijiakirouviafuoneeaduruijebiediaeroeinokiroijebuugiebuoneijekenakijumeokurianoeve
00087,0,0,aremejesufuunaguekuaesetanigaregevaneijadufuomaejevuaijebuneisuibebukiakaeijiaisoenakuaejanikaeireobogodijonemaijiarufuosukuabanameisoekirojadeunaegueiriniavonokuae,aremejesufuunaguekuaesetanigaregevaneijadufuomaejevuaijebuneisuibebukiakaeijiaisoenakuaejanikaeireobogodijonemaijiarufuosukuabanameisoekirojadeunaegueiriniavonokuae
00644,0,0,buijiegekuaraerovejesufuunavuabeijiegebijanakuariaefukiaejaoenoenafuvejiaenasaovegariakavuaegajakuaefuvemarekuvenokuaevo,buijiegekuaraerovejesufuunavuabeijiegebijanakuariaefukiaejaoenoenafuvejiaenasaovegariakavuaegajakuaefuvemarekuvenokuaevo
00654,0,0,javameijejanegierovejairerefuonaebemukoevierafeirobureteijebuireisitiijiakumaamaeriavonakuariaevaijenamaijadufuokuariaevabakironameeferesiijiakiroesejusiijiebuovamekaisebukenoevonaijadufuoireisitiijiamenakuariae,javameijejanegierovejairerefuonaebemukoevierafeirobureteijebuireisitiijiakumaamaeriavonakuariaevaijenamaijadufuokuariaevabakironameeferesiijiakiroesejusiijiebuovamekaisebukenoevonaijadufuoireisitiijiamenakuariae
00011,0,2,aremeebebironikoijiebeusiajerusaremesidoveijekenamaaremeurieisurerokoijebunekaenamianaunaarebuonebabironiijiavaearemeradeejekoniafuurifarifuoneesiriteronafenogafuurifarifuoneejerubaberonafei,aremeebebironikoijiebeusiaejerusaremesidoveijekenamaaremeurieisurerokoijebunekaenamianaunaarebuonebabironiijiavaearemeradeejekoniafuurifarifuoneesiriteronafenogafuurifarifuoneezerubaberonafei
00377,0,0,jesufuijiegekuariaaremekiaeumeigianaruaevaijenaeigekaenamiaunabesuafuikiroruaevabakironaeigedabeatakiroruaenaedabeatagaeguebunairinienaunanoneruakiroguebukanaijuoegafieke,jesufuijiegekuariaaremekiaeumeigianaruaevaijenaeigekaenamiaunabesuafuikiroruaevabakironaeigedabeatakiroruaenaedabeatagaeguebunairinienaunanoneruakiroguebukanaijuoegafieke
00522,0,1,buijiegekuavogafukiaevameijebueaninoneijieberevanokiaefuijiegekuariamogabuunaguekuaroabekuoganovafieneijeboejekanafemakarikorenokuae,buijiegekuavogafukiaevameijebueaninoneijieberevanokiaefuijiegekuariamogabuunaguekuaeroabekuoganovafieneijeboejekanafemakarikorenokuae
01150,0,0,baraijefuijiegekuamogafitafukaurinaeboejeijiebuoniduaijiafeifufenakiaenaeijejakuaevoijenakanaebevierafevanokiae,baraijefuijiegekuamogafitafukaurinaeboejeijiebuoniduaijiafeifufenakiaenaeijejakuaevoijenakanaebevierafevanokiae
01140,0,2,rovebuvuafuoneisebinobukanaebefierokukeeuruvanabukaarunajesusinavuakufuikuaenarererovebuvuaisefuonebinonaebefiebuijiegerevoijiaeinokirobuarunakiaeegurefukuaenanamanidonagodidoarebubanameisoevoijefaraekorearememuinokubekefurikenaunasafurikonokuaemanokiae,rovebuvuafuoneisebinobukanaebefierokukeeuruvanabukaarunajesusinavuakufuikuaenarererovebuvuaisefuonebinonaebefiebuijiegerevoijiaeinokirobuarunakiaeegurefukuaenanamanidonagodidoarebubanameisoevoijefaraekorearememuinokubefurikenaunasafurikonokuaemanokiae
00540,0,3,aremeeijebugodidovamemaejeabevaijebugodiasoebuoneijadufuoarefusamuamoijiakarikerovajaebuoneijebukamazaniijefusanamoijiegesanakebuijiakarikeijadufuoerarejaadakikuvanivuaigemukorefienavierafenokiae,aremeeijebugodidovamemaejeabevaijebugodiasoebuoneijadufuoarefusamuamoijiakarikerovajaebuoneijebukamazaniijefusanamoijiegesanakebuijiakarikeijadufuoerarejaadanekikuvanivuaigemukoefienavierafenokiae
01132,0,0,roigiafienavierafenaasoenoneijekuafuanerafuonekamauruvanakiagabuiviamaigiamigegirenanafariebitienaijiegeredufuo,roigiafienavierafenaasoenoneijekuafuanerafuonekamauruvanakiagabuiviamaigiamigegirenanafariebitienaijiegeredufuo
00550,0,0,jesufuevuafuonefievoijenevuaijiegemenakuariamaaremekiaejavuaboejenakuariaevaijejabefievanokiamogabukenokuae,jesufuevuafuonefievoijenevuaijiegemenakuariamaaremekiaejavuaboejenakuariaevaijejabefievanokiamogabukenokuae
01122,0,2,aremefuneunakekenaevuafuonefievoijekiaejaejejakaurianinaokuaevierafeiroveigiafiemazaijebuemaijiebuofariigenaabenaunaeiserevoijemiadufuoijefuneivuarei,aremefuneunakekenaevuafuonefievoijekiaejaejejakaurianinaokuaevieraferoveigiafiemazaijebuemaijiebuofariigenaabenaunaeiserevoijemiadufuoijefuneivuare
00073,0,0,aremejesufunedoijearenaajiaruomoijiagodifusaoveijadufuovienedaovekogakavenefuonefuumetuvuaekiigegearinajesudonigofoijiakunae,aremejesufunedoijearenaajiaruomoijiagodifusaoveijadufuovienedaovekogakavenefuonefuumetuvuaekiigegearinajesudonigofoijiakunae
00063,0,0,roniunadasunamukoreigiakenoegaebuvieraferojaisejonejakenoejoijejanearevarobuijiegevierafefo,roniunadasunamukoreigiakenoegaebuvieraferojaisejonejakenoejoijejanearevarobuijiegevierafefo
00491,1,5,jesufumazabesuijiaijiegekuarianoenarofuneareijearenaunakekedogarerinafuemairifoijiaarivaijiafi,jesumazabesuijiaijiegekuarianarofuneareijearenaunakekedogarerinafuemairifoijiaarivaijiafi
01114,0,0,aremefuneurinaeinokubekefitakinaezebedidoanafainokiroejemisikirojoniijenekaenamianafuinavaerojesufukaurukeigiaoefiaerokukefukamaurukeigiaoeserei,aremefuneurinaeinokubekefitakinaezebedidoanafainokiroejemisikirojoniijenekaenamianafuinavaerojesufukaurukeigiaoefiaerokukefukamaurukeigiaoeserei
01104,0,1,jesufuijiegekuariamafuriaremebuneuriduaurukinuusiaenauruooruivikuavoijiavae,jesufuijiegekuariamafuriaremebuneuriduaurukinuusiaenauruoorivikuavoijiavae
00351,0,0,rokukeigiafiejaoenoenasidovemamekanubinoijiavagaerarefujaoemarejiakinukaenamiavoganiijiafuinakarifojaijiakarinaaremenineareijearenavafo,rokukeigiafiejaoenoenasidovemamekanubinoijiavagaerarefujaoemarejiakinukaenamiavoganiijiafuinakarifojaijiakarinaaremenineareijearenavafo
00341,0,5,roevuafuoneabeoenoevotueroivebuoneijeijiegeamureijefusaemonieijebukuafitanokuavoijiakirouviafuoeaduruijenekeiaremefuejebedidoanafainokiroinouviakiejemisikirojoniroefirifikirobatoronomiijekeiroetomasikiromatiueijetakesiabenoijiakiroearefiasidofarijemisikiroetadiasiijekei,roevuafuoneabeoenoevotueroivebuoneijeijiegeamureijefusaemonieijebukuafitanokuavoijiakirouviafuoeaduruijenekeiaremefuezebedidoanafainokiroinouviakiejemisikirojoniroefirifikirobatoromiuijekeiroetomasikiromatiueijetakesiabenoijiakiroearefiasedofarijemisikiroetadiasiijekei
00504,0,1,ijadufuomaejeeigeiviamakarivabuvuaboejenakuariakinuroizegenakenanijasiavoijebunekagiekinufieverovebukanaebefierogiaevaigegekenoeve,ijadufuomaejeeigeiviamakarivabuvuaboejenakuariakinuroizegenakenanijasiavoijebunekagiakinufieverovebukanaebefierogiaevaigegekenoeve
00514,0,2,rouijeguebuduenamibiamibiaeuveijiaarivofieneijiebookuriaemaijejaeijebuvuamaejefiekinurounaizegebuumeigiaoemarekinukarinoedufuoijevierafevoijene,rouijeguebuduenamibiamibiauveijiaarivofieneijiebeokuriaemaijejaeijebuvuamaejefiekinurounaizegebuumeigiaoemarekinukarinoedufuoijevierafevoijene
00662,0,3,fuijiegekuaramogajesufuunakuaeesaemoniejonadofarigarenavierafefunegodireamarejaeijadufuomaejebuebinobenijaesaevabakirofuneasoenonesaovegufiaefinoijareoeoneijiavuaijevierafejaemoakuae,fuijiegekuaramogajesufuunakuaeesaemoniejonadofarigarenavierafefunegodireamarejaeijadufuomaejebuebinobenijasaevabakirofuneasoenonesaovegufiafinoijareoeoneijiavuaijevierafejamoakuae
00672,0,1,aremejesufuneunaevuafuonefievoijekiaeebeerarefudiamakaenoneijianuvediekirovierafekumaniirefuoneboejeumeigadufuoijekaijuegafiadufuoaremefuurivajaefianebinobinobufuoneruovoijiakauriafaememarenanoefuoimedufuo,aremejesufuneunaevuafuonefievoijekiaeebeerarefudiamakaenoneijianuvediekirovierafekumaniirefuoneboejeumeigadufuoijekaijuoegafiadufuoaremefuurivajaefianebinobinobufuoneruovoijiakauriafaememarenanoefuoimedufuo
00549,0,0,ijadufuovakumamazaradekumaijiavameijiekiijefurekegodireaneraijekiagabuarinaaesakaeboejeigiaoenoekinuekenaatakebuatanaeiserevaijebubeuniagaroeijevamemaejekenoevaijebubeuniakearemebueijeiserevaijebukameareisemianenaenoijiakoregabuijianaonaniraekinuubaesakinamikonokiae,ijadufuovakumamazaradekumaijiavameijiekiijefurekegodireaneraijekiagabuarinaaesakaeboejeigiaoenoekinuekenaatakebuatanaeiserevaijebubeuniagaroeijevamemaejekenoevaijebubeuniakearemebueijeiserevaijebukameareisemianenaenoijiakoregabuijianaonaniraekinuubaesakinamikonokiae
00498,0,0,rouijeguebuduenasakaemukoresafikiijiaarinabukamukoetavuanasunikiraesuniguebukauruvanaaderediijiegekirakogaguebusibanekesisitiijiegekirakoguebutetiijiegekirae,rouijeguebuduenasakaemukoresafikiijiaarinabukamukoetavuanasunikiraesuniguebukauruvanaaderediijiegekirakogaguebusibanekesisitiijiegekirakoguebutetiijiegekirae
01088,0,0,rovuaigenakamakuariaveebuvuamaegeabeareiroreigiakuaenoevoijiabubaraigeirerefuremaijevierafekonokiae,rovuaigenakamakuariaveebuvuamaegeabeareiroreigiakuaenoevoijiabubaraigeirerefuremaijevierafekonokiae
01098,0,0,buijiegejesukuaravogafuunakiaejagagaerareburetefuoneijeabenanosikidisiguriaabiemoeijarenaabenaunaeaniijemiake,buijiegejesukuaravogafuunakiaejagagaerareburetefuoneijeabenanosikidisiguriaabiemoeijarenaabenaunaeaniijemiake
00008,0,2,roesoromonifuurifarifuoneereobomenafenogafuurifarifuoneeabaejanafeiroabaejafuurifarifuoneeasanafenogaasafuurifarifuoneejeosafatinafenogafuurifarifuoneejoramenafei,roesoromonifuurifarifuoneereoboamenafenogafuurifarifuoneeabaejanafeiroabaejafuurifarifuoneeasanafenogaasafuurifarifuoneejeosofatinafenogafuurifarifuoneejoramenafei
00018,0,1,roveejosofufukaemadofunaebeunamerieijefufudiemaijemesirinadabekuagadufuoijefunaebeijiegereiijadufuofumeoefuoneijiamerifuabedufuoijefumauikeijiaarekirofuijiegevierafei,roveejosofufukaemadofunaebeunamerieijefufudiemaijemesirinadabekuaegadufuoijefunaebeijiegereiijadufuofumeoefuoneijiamerifuabedufuoijefumauikeijiaarekirofuijiegevierafei
01149,0,0,buijiegerekogafitafukaefasidoaremakaveijiafinearemebarabefuijiaimenoijarekekeganakuaenavierafegaaduaaebejesuegarerikoijiakioenoenonagaevanokuae,buijiegerekogafitafukaefasidoaremakaveijiafinearemebarabefuijiaimenoijarekekeganakuaenavierafegaaduaaebejesuegarerikoijiakioenoenonagaevanokuae
00381,0,0,roerarefunaebenaoetuanaurimakaenoneijianuvedienaisejavaenoenoeijefukanaebemanidofuevuanonefiemoreke,roerarefunaebenaoetuanaurimakaenoneijianuvedienaisejavaenoenoeijefukanaebemanidofuevuanonefiemoreke
00338,1,5,metiuteni,matiu
00669,0,1,naijiavagabunadabevameisebinobinoijiaarafirienavajaefianevajieganakavajaefianeurukeigiaabenaisejavaekenaisejavaenavakumabukakanieganabaronearomuinokubekefurikegodifukieganaunaurikonokiae,naijiavagabunadabevameisebinobinoijiaarafirienavajaefianevajieganakavajaefianeurukeigiaabenaisejavaekenaisejavaenavakumabukakanieganabaroneromuinokubekefurikegodifukieganaunaurikonokiae
00085,0,1,aremesetanifuneunakukejesumesirinauruomakamoijiaajiavaebuijiaajiausiaenasetanifuneuriareiroreboegejesunijaearemekukeuriirenimukoreboejesakaeijianaovoijenenijae,aremesetanifuneunakukejesumesirinauruomakaboijiaajiavaebuijiaajiausiaenasetanifuneuriareiroreboegejesunijaearemekukeuriirenimukoreboejesakaeijianaovoijenenijae
00095,0,1,arememazaijiajesufuneurizinuevenaeijevuanijasiaefunijasiakinukiaemazaijegodifuoejoneijesamuagiadufuoijefunekaivuaremeijadufuooeijejaireisebinobinoumeigadufuovierafevoijeareganaunaoekuderianagodidoruanokiae,arememazaijiajesufuneurizinuivenaeijevuanijasiaefunijasiakinukiaemazaijegodifuoejoneijesamuagiadufuoijefunekaivuaremeijadufuooeijejaireisebinobinoumeigadufuovierafevoijeareganaunaoekuderianagodidoruanokiae
00061,0,1,bubionaruakinuisebuoneijejonikuarakogafukaenamianadojodaniijiadoruoriae,bubionaruakinuisebuoneijejonikuarakogafukaenamianadojodeniijiadoruoriae
00071,0,1,fuvakogajonifuurinakuaenanaadoruoradufuoijenavierafefukanaebemareironavierafearenadoruorienokuae,fuvakogajonifuurinakuaenanaadoruoradufuoijenavierafefukanaebemareronavierafearenadoruorienokuae
00552,0,0,eijefugirefuoneijiasinuomefuoneboejeiviaekoroisuikoijefukakarinakekeeboejenijasiamovamebesuijiegerojanikavaeboejegodidovuamaejeisuikoijiakirovuanoneiviaekoijekenaufakenijasianokiae,eijefugirefuoneijiasinuomefuoneboejeiviaekoroisuikoijefukakarinakekeeboejenijasiamovamebesuijiegerojanikavaeboejegodidovuamaejeisuikoijiakirovuanoneiviaekoijekenaufakenijasianokiae
01120,0,0,fuijiegebanameisoemaaremeunakukeruogakeeijebunekaninaokiamogabuneninaoe,fuijiegebanameisoemaaremeunakukeruogakeeijebunekaninaokiamogabuneninaoe
00542,0,3,jesufuijiegekuariaaremekiaegodiizegefuefuoneijiebuooeijefusamuagiamoijefuiregorodibebuabenajuareuveijiamakorunanurievaijiekibuabenurievagaebefuijiajuaremenoenaurigorodiijeganafunefuseabesakaeatanaokuramaijiaarei,jesufuijiegekuariaaremekiaegodiizegefuefuoneijiebuooeijefusamuagiamoijefuiregorodibebuabenajuareuveijiamakorunanurievaijiekibuabenurievagaebefuijiajuaremenoenaurigorodiijeganafunefuseunasakaeatanaokuramaijiaarei
01130,0,0,roeijejesunaoenoevobefuneurinasimefuoneijaremerunadabeebeeireobozinoneifaejemoijadufuoimenoijadufuoadaneijekanadaturae,roeijejesunaoenoevobefuneurinasimefuoneijaremerunadabeebeeireobozinoneifaejemoijadufuoimenoijadufuoadaneijekanadaturae
00493,0,0,aremefuneurinavuafuoneboejefukuariaemaijefukakemenakuariae,aremefuneurinavuafuoneboejefukuariaemaijefukakemenakuariae
01083,0,1,jesufuijiafinoijiabarabefuireudimukoreurimobukenamonimamekanufuaevevoijebesukoreijiausiaemaabenafufinoijiaruaefuijiakekegakejesufuireinogabaraijefuireijedabenigofofuoneijiausiae,jesufuijiafinoijiabarabefuireudimukoreurimobukenamonimamekanufuaevevoijebesukoreijiausiamaabenafufinoijiaruaefuijiakekegakejesufuireinogabaraijefuireijedabenigofofuoneijiausiae
01093,0,2,buijiegekuaravogajesufuunakiaenivajerusaremeijiaarunaebefunavierafemafuijiafinoijegafojaeijegakuvanikuaeireoboijefukumemazaninonefuneivuaremiaijadufuonavierafenaevuanonefievoijenaareoneijiairofasovaijeikirovierafevanokuanokiae,buijiegekuaravogajesufuunakiaenivajerusaremeijiaarunaebefunavierafemafuijiafinoijegafojaeijegakuvanikuaeireoboijefukumemazaninonefuneivuaremeijadufuonavierafenaevuanonefievoijenaareoneijiairofasovaijeikirovierafevanokuanokiae
00530,0,4,ijadufuovuaizegeeasaeaegodidovuavierafenakuaemofuisuibekuaemaijefuneijiakumariareirovuaijefukuaemaijefuijiegeisoenaeijevuakuariakuvanabevuaijiebuomaejesamadukuakuariakirovuaboejenakakemenakuariake,ijadufuovuaizegeeasaeaegodidovuavierafenakuaemofuisuibekuaemaijefuneijiakumariareirovuafukuaemaijebuijiegeisoenaeijevuakuariakuvanabevuaijiebuomaejesamadukuakuariakirovuaboejenakakemenakuariake
01142,0,1,fuijiegekuaramogajesufuvuabinonaebeunaveguekuaraeijadufuofuunakuaenikagodiijiafivakoijadufuoiveijiakuranavuamaejekuaruoneavierafegaanemagodidofarieijefuruakonokuaemaijieganiijiegekuaruonofienokuae,fuijiegekuaramogajesufuvuabinonaebeunaveguekuaraeijadufuofuunakuaenikagodiijiafivakoijadufuoiveijiakuranavuamaejekuaruoneavierafegaanemagodidofarieijefuruakonokuaemaijeganiijiegekuaruonofienokuae
00520,0,0,aremeuijemaejefunetavuanaajiafofuonemaejeamaerimoijiaebuijiasoneuriuijeiseijenegiae,aremeuijemaejefunetavuanaajiafofuonemaejeamaerimoijiaebuijiasoneuriuijeiseijenegiae
01152,0,0,baraijefuijiegekuaemogafitafukukeunafenakiaenagodikuraedoeijejakuaevoijenakanaebevierafevanokiae,baraijefuijiegekuaemogafitafukukeunafenakiaenagodikuraedoeijejakuaevoijenakanaebevierafevanokiae
00365,0,0,ijadufuoeijefusikururemoijiakiroeijefumonifuoimenobakiijebuemamekanubuonematianabueninakenoevoijefunemareiroigiafieeijenabukieaejeasetaniekaveneiseijiebuoeireobonokieve,ijadufuoeijefusikururemoijiakiroeijefumonifuoimenobakiijebuemamekanubuonematianabueninakenoevoijefunemareiroigiafieeijenabukieaejeasetaniekaveneiseijiebuoeireobonokieve
00375,0,0,roerarefueniomeijianaijuonemoijenasesaoveijiaasoenoneijadufuoniduaijiakuakoeijefuenonebakinokuakonokiae,roerarefueniomeijianaijuonemoijenasesaoveijiaasoenoneijadufuoniduaijiakuakoeijefuenonebakinokuakonokiae
00003,2,2,suareigeijejaizegejesukuraesidoasaerafaijebueeburamedoijiauinuvenaruomaedevididoijiausiaenaruomajesubietevaijene,suvuareigeijejaizegejesukuraesidoasaerafaijebueeburamedoijiauinuvenaruomaedevididoijiausiaenaruomajesubietevaijene
00013,0,1,roeeriudifuurifarifuoneeerisanafenogafuurifarifuoneemataninafeiroematanifuurifarifuoneejekafunafenogafuurifarifuoneejosofubarameridobaruijenafeirobaramerirejesueijebukuakuraesinokuavoeijefueboejekarauniakiroruaemaijenebietei,roeeriudifuurifarifuoneeerisanafenogafuurifarifuoneemataninafeiroematanifuurifarifuoneejekafunafenogafuurifarifuoneejosofubarameridobaruijenafeirobaramerirejesueijebukuakuraesinokuavoeijefueboejekarauniakiroruaemaijenebiete
00656,0,3,aremeevuafuonefievoijebuijiasoneunavuamaejevierafeibuijiavieraferofumaireisitiijadufuokuaemabakirobufureeferesiijiakiroesejusibuovamebunijasiavoijeakariakirokuaemorobuijiegevierafei,aremeevuafuonefievoijebuijiasoneunavuamaejevierafeibuijiavieraferofumaireisitiijadufuokuaemabakirofubureeferesiijiakiroesejusibuovamebunijasiavoijeakariakirokuaemarobuijiegevierafei
00646,0,0,egurekaisemarenoekinugodimavierafevobakigurejareiresumikibegakuaevierafeirovenavierafenabevamesumikiberegajagadufuoronavierafenameiresumikibesufujonaegodidovuavierafenakuaemoijefuoneremaijiekiberegajagakonokiaejesufuijiegekuariaaremefuneeijeunianavae,egurekaisemarenoekinugodimavierafevobakigurejareiresumikibegakuaevierafeirovenavierafenabevamesumikiberegajagadufuoronavierafenameiresumikibesufujonaegodidovuavierafenakuaemoijefuoneremaijiekiberegajagakonokiaejesufuijiegekuariaaremefuneeijeunianavae
00670,0,0,aremefitafukaurijesuumuikenavafuebekekenakuaeeireobovuaijenavierafeakaisemakuaenavierafegodifubeireiseijiekiijekuagafuonerekonokuae,aremefitafukaurijesuumuikenavafuebekekenakuaeeireobovuaijenavierafeakaisemakuaenavierafegodifubeireiseijiekiijekuagafuonerekonokuae
00660,0,0,buijiegekuaravogajesufuunakiaerojaejejaizegevierafevanokiae,buijiegekuaravogajesufuunakiaerojaejejaizegevierafevanokiae
00516,0,0,rouijeijebuduenasakaemaijiaarivaijejaeijebuvuamaejefienaabemukoreigiavierafevoijenebuvuamaejefuoebuoneijiatavuanafokiramogabukaurivamemaejemauruvanarenoeroeguebusibanekeuruvanarekoguebumesibanekeijiegerevo,rouijeijebuduenasakaemaijiaarivaijejaeijebuvuamaejefienaabemukoreigiavierafevoijenebuvuamaejefuoebuoneijiatavuanafokiramogabukaurivamemaejemauruvanarenoeroeguebusibanekeuruvanarekoguebumesibanekeijiegerevo
00506,0,0,ijadufuomaejeeijiebuonigofoijebunekamukoeirufuiroadanebuvuafiedufuoijebunekakorubuobijukuriaerokukeniomebuoneijebukanisuivaijadufuobuirebinogiavobaki,ijadufuomaejeeijiebuonigofoijebunekamukoeirufuiroadanebuvuafiedufuoijebunekakorubuobijukuriaerokukeniomebuoneijebukanisuivaijadufuobuirebinogiavobaki
00353,0,0,rojaijiaajiavagabujaoemarejiakinukaenamiaganiifejianabanameisoenagodikuagafubusamuagiaforobunaebeijiegejaoemarejianakaenamiagajadebanameisoenagodikuagafubusamuagiamo,rojaijiaajiavagabujaoemarejiakinukaenamiaganiifejianabanameisoenagodikuagafubusamuagiaforobunaebeijiegejaoemarejianakaenamiagajadebanameisoenagodikuagafubusamuagiamo
01106,0,2,buvakumaijiausiaevogajesufuurinakiaeiviamugeeboejejakasubinavagananajaijiaarenavakeijadufuomaejebunebukiakaeijiaijiegeisoenakuae,buvakumaijiausiaevogajesufuurinakiaeiviamugeeboegejakasubinaevagananajaijiaarenavakeijadufuomaejebunebukiakaeijiaijiegeisoenakuae
01116,0,0,fuijiegekuariaaremefunefuosukuasibanekebionamumaboijiatuanasakaedoijiadijenabanameisoefubanameisoenakuaeateasoenoavierafefunemarekumanivajaefianeigenaabekuvejoijeabebionajanerobaganionevierafemaijiarenokuae,fuijiegekuariaaremefunefuosukuasibanekebionamumaboijiatuanasakaedoijiadijenabanameisoefubanameisoenakuaeateasoenoavierafefunemarekumanivajaefianeigenaabekuvejoijeabebionajanerobaganionevierafemaijiarenokuae
00057,0,6,fuvuaniasianoekinueijekuarianakiavamejonekaiseijejamumazarenoejoijearekirounavamemaijiakenoefoijadufuomaejemazaijegodifuefuoneijiebuooeijesamuagiadufuoijefunekaivuakeigirifikinokiae,fuvuanijasianoekinueijekuarianakiaevamejonekaiseijejamumazarenoejoijearekirounavamemaijiakenoefoijadufuomaejemazaijegodifuefuoneijiebuooeijesamuagiadufuoijefunekaivuakeigifurekinokiae
00529,0,0,jesuvuafuoneboejefueijeafuivaijekuariaemaijebinofunaebesamadukuavisunakuariaerovuaboejefukakemenakuariae,jesuvuafuoneboejefueijeafuivaijekuariaemaijebinofunaebesamadukuavisunakuariaerovuaboejefukakemenakuariae
00539,0,0,bueijenekameareisemianenaenoijiaifaejegabuijianaonaniraekinuubaesakinamike,bueijenekameareisemianenaenoijiaifaejegabuijianaonaniraekinuubaesakinamike
00078,0,0,jesufuvaaesaoijiaireatonaoenoekomugeromazafotiijiegefurikogafunekavasiaoe,jesufuvaaesaoijiaireatonaoenoekomugeromazafotiijiegefurikogafunekavasiaoe
00100,0,1,jesufunekaenamianavakumaunakukeinoiviegiejemisikirojoniejebedidoanafaijegiaeeinokiroijebuasoebuonezebedinavanageijiakarinaugiebuoneijeamaeriave,jesufunekaenamianavakumaunakukeinoiviegiejemisikirojoniezebedidoanafaijegiaeeinokiroijebuasoebuonezebedinavanageijiakarinaugiebuoneijeamaeriave
00068,0,2,eijefuraderuakumafureeigejakameatakefukameatanaeranebebuvameiseijearenaunavamemaijiakenoevoijefukenabeuniakeroeranebejavameiseijiakenoejoijefukenaunamianeijemazaboejenaenavakoijiakorekonokiae,eijefuraderuakumafureeigejakameatakefukameatanaerarebebuvameiseijearenaunavamemaijiakenoevoijefukenabeuniakeroerarebejavameiseijiakenoejoijefukenaunamianeijemazaboejenaenavakoijiakorekonokiae
01139,0,1,aremeezinoneifaejevoijiebuoemamekanuijiakinaemamekanuboejekotofievoijebuneurivuakufuibinojesusinakuaenarereibuijiegererenagagafuisebinorejoegabuabenakurosikanakuaebuijiegerei,aremeezinoneifaejevoijiebuoemamekanuijiakinaemamekanuboejekotofievoijebuneurivuakufuibinojesusinakuaenarereibuijiegererenagagafuisebinorejogabuabenakurosikanakuaebuijiegerei
01129,0,0,jesufuijiegekuarakogaeaniijebuneijiausiaenajesufarenadabetoe,jesufuijiegekuarakogaeaniijebuneijiausiaenajesufarenadabetoe
00661,0,0,aremeesaemonifitafuunakuaenavierafegaaejeakagodiijemazaboejeijiafivakoijadufuofarieijebuisuibekuaefuruakonokuaemaijenokuae,aremeesaemonifitafuunakuaenavierafegaaejeakagodiijemazaboejeijiafivakoijadufuofarieijebuisuibekuaefuruakonokuaemaijenokuae
00671,0,3,fuijiegekuaramogajesufuunadakurenafitakuaesetanigaregevanenagagaakaiijegodifukiemonamekiroruaevaijenebijukurameijadufuomaejevuaijeavierafenakuariemoijefugodirevierafejaemabakirovuaijeameemaarevierafenakuariemonokuae,fuijiegekuaramogajesufuunadakudenafitakuaesetanigaregevanenagagaakaiijegodifukiemonamekiroruaevaijenebijukuriemeijadufuomaejevuaijeavierafenakuariemoijefugodirevierafejaemabakirovuaijeameemaarevierafenakuariemonokuae
00024,0,1,fuaberovefunaebefuosikibesunaekogafuvakumaamefuoneamureijebieteifubietemogajosofufuabeiveinajesukuae,fuaberovefunaebefuosikibesunaekogafuvakumaamefuoneamureijebietefubietemogajosofufuabeiveinajesukuae
00352,0,0,rojagirebeijiaajiakuvanieijiakarivaijemukoreigiaanadianaoemarejiafo,rojagirebeijiaajiakuvanieijiakarivaijemukoreigiaanadianaoemarejiafo
00342,0,3,rokukeesaemonieijebukuaserotianokuavoijiakirojudasieijebukuaisikariotinokuavoeijefujesuabeunaeiserevoijemiaemaijenekei,rokukesaemonieijebukuaserotinokuavoijiakirojudiasieijebukuaisikariotinokuavoeijefujesuabeunaeiserevoijemiaemaijenekei
00507,0,0,robunaebeijiegerekuvabubitiebuvamemaejegiakinurovuamaejefiekerokukebunigofosamadirekuvabubitieunamukoreigiavierafenanoneroganareamaeriake,robunaebeijiegerekuvabubitiebuvamemaejegiakinurovuamaejefiekerokukebunigofosamadirekuvabubitieunamukoreigiavierafenanoneroganareamaeriake
01117,0,17,jesufuijiegebanameisoemafuriaremeunaruogakeevuafuonefievoinokubekeijebuneninaoeijadufuofuurifitakuaefitajairerefuojanaebemazaaokubeurininafaenanaenakarive,jesufuijiegebanameisoemafuriaremeunaruogakeevuafuonefievoinokubekeijebuneninaoeijadufuofuurifitakuaefitajairerefuoninaovejairerefuojanaebemazaaokubeurininafaenanaenakarive
01107,0,0,bueijemavesifisamuagiamoijekanagamavesififuonebudabegiegisanavakonokuae,bueijemavesifisamuagiamoijekanagamavesififuonebudabegiegisanavakonokuae
00056,0,1,arememazaijiajoniedoruoriamoijefusakaejudiaguoveaesaoijiaurizinuevenaeijebufuoneruovoijevuanijasiae,arememazaijiajoniedoruoriamoijefusakaejudiaguoveaesaoijiaurizinuivenaeijebufuoneruovoijevuanijasiae
00538,0,0,mazaijiaemaijiebuofariigenareaneranoneijekiabuaesakaeboegiaoenoekebugodidoeijefuoebuoneijesamuagiamoijiebuouveijiaoenoekinuireiseijebueijiebuomavierafevoijearafiriavoijiakiroeijeiserevoijekamemianeijiakoreke,mazaijiaemaijiebuofariigenareaneranoneijekiabuaesakaeboegiaoenoekebugodidoeijefuoebuoneijesamuagiamoijiebuouveijiaoenoekinuireiseijebueijiebuomavierafevoijearafiriavoijiakiroeijeiserevoijekamemianeijiakoreke
00528,0,8,jesufuijiegekuariaaremeunavuabeduamenaijiegekuariaeiviamavameizegegodifuefuoneijiebuooeijesamuagiamoijefukaireisitifuremoijiekirekebaraijefuirefaravaireobodisiijiausiamaireisitiisekubeabeijiakumabiemaronanijakumafaravaijefukamaireoboufeurikonokiae,jesufuijiegekuariaaremeunavuabeduamenaijiegekuariaefukiaeiviamavameizegegodifuefuoneijiebuooeijesamuagiamoijefukaireisitifuremoijiegerekebaraijefuirefaravaireobodisiijiausiamaireisitiisekubeabeijiakumabiemaronanijakumafaravaijefukamaireoboufeurikonokiae
00101,0,0,buijiegerevoijiajesufukumenogaeinokiroijebunemigegireurivanagebuoneijiakiroasoebuoneijeijiaarenaarijesunavae,buijiegerevoijiajesufukumenogaeinokiroijebunemigegireurivanagebuoneijiakiroasoebuoneijeijiaarenaarijesunavae
00079,0,0,fuvasiaoemaijiasetanifukekenakuaeamagodidofarikumaniurinamunegurenaovoijekiagabuunaireregaainokuae,fuvasiaoemaijiasetanifukekenakuaeamagodidofarikumaniurinamunegurenaovoijekiagabuunaireregaainokuae
01128,0,0,aremejesufuurinakuaekainonimigegireirereavierafemaijerenokuae,aremejesufuurinakuaekainonimigegireirereavierafemaijerenokuae
01138,0,0,bujesumesirinavakogafitafumumagamiagiagiakinunuvediaruomaezinoneifaejevoijiebuoeireoboijadufuoaemakaveijiakekeifuijiakekenaaruvaeijejuokarijoijenaijiafinagiaaregabujesuabeizegeregafugiakiro,bujesumesirinavakogafitafumumagamiagiagiakinunuvediaruomaezinoneifaejevoijiebuoeireoboijadufuoaemakaveijiakekeifuijiakekenaaruvaeijejuokarijoijenaijiafinagiaaregabujesuabeizegeregafugiakiro
01076,5,10,metiutuentisis,matiu
00380,0,1,rokukeebeerarefuasoeroasierofarirokabaefuoneijeneurukeoetuagaronafumesibanekeoetuamoijefuizegekuakonanajesudoaganenokuaeke,rokukeebeerarefuasoeroasierofarirokabaefuoneijeneurukeoetuagaronafumesibanekeoetuamoijefuizegekuaekonanajesudoaganenokuaeke
00094,0,0,eijebuvameisetitutemaijiakarinoevaijebueireoboijadufuosanaemafuoneanuigiijebunegaerokukeeijebuvameisetitutemaijiakenoekokavenebuonebunekaoekuvejoijebuduabusanaemaijebunegaevanokuae,eijebuvameisetitutemaijiakarinoevaijebueireoboijadufuosanaemafuoneanuigiijebunegaerokukeeijebuvameisetitutemaijiakenoekokavenebuonebunekaoekuvejoijebuduabusanaemaijebunegaevanokuae
00084,0,0,fuijiegekuaramogajesufuunakuaegodidovuabuisuibeisoevaijiafukukeijiegekuaejadeeireobogodijonemaejeabebiesirivonokuae,fuijiegekuaramogajesufuunakuaegodidovuabuisuibeisoevaijiafukukeijiegekuaejadeeireobogodijonemaejeabebiesirivonokuae
00668,0,2,aremejesufuneveijiazinuevenaurifubaronedufuoijefukasamadukuavisunaevuafuonefievoijekuariaefukianavierafenakajerusaremeijiaemamekanunuvuoneroeakaenijasiavoroegodizinoneifaejevoijekarivaijiavake,aremejesufuneveijiazinuivenaurifubaronedufuoijefukasamadukuavisunaevuafuonefievoijekuariaefukiaenavierafenakajerusaremeijiaemamekanunuvuoneroeakaenijasiavoroegodizinoneifaejevoijekarivaijiavake
00492,0,3,fuijiafinagiakebukaeuruvanausiaedabeutifiravogafuurivanagebeijianamoijiaajiaejesufuijiaajianakiamogabudabesibanekebionadoijianijavofufikogaeijevaevabudoirifoijiairei,fuijiafinagiakebukaeuruvanausiaedabeutikuravogafuurivanagebeijianamoijiaajiaejesufuijiaajianakiamogabuabesibanekebionadoijianijavofufikogaeijevaevabudoirifoijiairei
00070,0,3,aremeveijiajonifuijiegerenoenoijiajesufuaregareriijiaurinavakumadojodanijonifuedoruoriamoijiakekeifuvierafejonirefudoruorakirofuijadufuovae,aremeveijejonifuijiegerenoenoijiajesufuaregareriijiaurinavakumadojodenijonifuedoruoriamoijiakekeifuvierafejonirefudoruorakirofuijadufuovae
00060,0,0,jonifuijiegerenoenogaeboejearejerusaremekarivaaberoaesakaejudiakarivaijebubionafuoneruaebuijiegerekogaeareisesinadojodeniirifoijiakarivaijebuvuafukuaemoijefiekuaeruae,jonifuijiegerenoenogaeboejearejerusaremekarivaaberoaesakaejudiakarivaijebubionafuoneruaebuijiegerekogaeareisesinadojodeniirifoijiakarivaijebuvuafukuaemoijefiekuaeruae
01131,0,0,rovejesufuunakuaeekosimeoneijeabenaunasuavefuoneijiaabieseneijadufuomaejeeijeerarebebusimebuoneijiakenaekaniavoijebukasimeijiebeunabukaniadufuo,rovejesufuunakuaeekosimeoneijeabenaunasuavefuoneijiaabieseneijadufuomaejeeijeerarebebusimebuoneijiakenaekaniavoijebukasimeijiebeunabukaniadufuo
00543,0,2,eijefuireijegamofukaoemamogafuunaareijiakekenasinuomefuoneboejekarinaunaeguebuofuaeveiaremefunemoniijenekenaunavaesakaekafareijesamuamoijefuaevenafuoneabei,eijefuireijegamofukaoemaemogafuunaareijiakekenasinuomefuoneboejekarinaunaeguebuofuaevearemefunemoniijenekenaunavaesakaekafareijesamuamoijefuaevenafuoneabei
01121,0,0,ijadufuofuijiaunianaunakukevabanamebesufuudeisoemaijiegeunaisoe,ijadufuofuijiaunianaunakukevabanamebesufuudeisoemaijiegeunaisoe
00374,0,0,roerarefueniomeijiaoenoekinukuaenanajesudoaganenokuaemoijenasesaoveijiaasoenoneijekuakoeijefuenonenokuake,roerarefueniomeijiaoenoekinukuaenanajesudoaganenokuaemoijenasesaoveijiaasoenoneijekuakoeijefuenonenokuake
00364,0,0,jesufuijiegekuariavakumakiaeijefusikururemoijefuefuonefunijaemoijeasimabakirokukeemonifuoimenobakiijefueireobofuoneijeasimabaki,jesufuijiegekuariavakumakiaeijefusikururemoijefuefuonefunijaemoijeasimabakirokukeemonifuoimenobakiijefueireobofuoneijeasimabaki
01153,0,0,arememazasibanekefurikoegueivuakeijiairevaijiebeurifitakuaenovierafebaraijefukamakuaemeijadufuomaejenovierafegaaduaaebefuosikioenoenoijenerokukeitireonenofiegaakaebefuosikioenoenoijenokuae,arememazasibanekefurikoegueivuakeijiairevaijiebeurifitakuaenovierafebaraijefukamakuaemeijadufuomaejenovierafegaaduaaebefuosikioenoenoijenerokukeitireonenofiegaakaebefuosikioenoenoijenokuae
00521,0,2,ijadufuoefuoneimejoijebuusiaenakuaeeireobojuareoneakauijemaejeabekoreirovefienenibegurebuvameizegeijiatavuaevanokuae,ijadufuoefuoneimejoijebuusiaenakuaeeireobojuareoneakauijemaejeabekoreirovefienenibegurebuvameizegeijiatavuavonokuae
01143,0,0,fuijiegekuaramogajesufuunaguekuaevuaijeanekoroijifurekikuaemeijadufuonaejenaeijenerovenaigekuariakonifieneiviaigiaunagafegevakoijiaemaijiebuofariigenaejenagodiedarokiijadufuoumuimaenekeijiafikeroradenasaovegufiaunaamiteuveijiaarirogajagiekonokiae,fuijiegekuaramogajesufuunaguekuaevuaijeanekoroijifurekikuaemeijadufuonaejenaeijenerovenaigekuariakonifieneiviaigiaunagafegevakoijiaemaijiebuofariigenaejenagodiedarokiijadufuoumuimaenekeijiafikeroradenasaovegufiaunaamiteuveijiaarirogajagiekonokiae
00531,0,0,navuamaejeboejesauikiijegodifuikoireboejeigenaebeamaeriaemaijiabusauinanaovoijenakakuariananijasiagabufiekonokuae,navuamaejeboejesauikiijegodifuikoireboejeigenaebeamaeriaemaijiabusauinanaovoijenakakuariananijasiagabufiekonokuae
00012,1,5,roejerubaberofuurifarifuoneeabiudinafenogafuurifarifuoneeeraeakiminafemogafuurifarifuoneeejonafeiroejofuurifarifuoneezedokoenafenogafuurifarifuoneeakiminafenogafuurifarifuoneeeriudinafei,roezerubaberofuurifarifuoneeabiudinafenogafuurifarifuoneeeraeakiminafenogafuurifarifuoneeezonafeiroezofuurifarifuoneezedokenafenogafuurifarifuoneeakiminafenogafuurifarifuoneeeriudinafei
01092,0,0,arememazaijebubureteireisitibakiifaejevoijadufuomazaamureijebuzinuivenaireidufuoijefuneruaeijadufuoeijejesudovuafievoijebuneusiaenajesukuaeavierafenoiziaoefuoirekanafuigaairofasovaijeikonokuae,arememazaijebubureteireisitibakiifaejevoijadufuomazaamureijebuzinuivenaireidufuoijefuneruaeijadufuoeijejesudovuafievoijebuneusiaenajesukuaeavierafenoiziaoefuoirekanafuigaairofasovaijeikonokuae
01082,0,0,arememazabejesufunearebeteniesaemonieijeiretatieigekiijeabenaunamaemaijadufuoareijiafine,arememazabejesufunearebeteniesaemonieijeiretatieigekiijeabenaunamaemaijadufuoareijiafine
00497,0,1,rouijeguebuduenafienemibiamibiaeuveijiaarivofunefieneijaretavuanauijemaejefuneokuriae,rouijeguebuduenafienemibiamibiauveijiaarivofunefieneijaretavuanauijemaejefuneokuriae
00556,0,0,buijiegekuaekinukuaevoeijefujosofuearesamoijiakirobarafuonemerieijenonegianavierafevaijiebuofarirokukefuejemisikinajosofuroesaemonikirojudasiijiebuouvia,buijiegekuaekinukuaevoeijefujosofuearesamoijiakirobarafuonemerieijenonegianavierafevaijiebuofarirokukefuejemisikinajosofuroesaemonikirojudasiijiebuouvia
01134,0,0,jesufuijiegekuariaaremeunaeboejeruaevaijekiaeegurejajavieraferonanakaekuriaenaekaniavoijadufuojakasimekinamaguijekenanaokurienatoenamiekuaeruaenamazaboejenakaejiusiijiebuoarebubanameisoevoijiaarunavuanijasiavorovejanaebeijiaarunanatoenamie,jesufuijiegekuariaaremeunaeboejeruaevaijekiaeegurejajavieraferonanakaekuriaenaekaniavoijadufuojakasimekinamaguijekenanaokurienatoenamiekuaeruaenamazaboejenakaejiusiijiebuoarebubanameisoevoijiaarunavuanijasiavorovejanaebeijiaarunanatoenamie
00065,0,0,jonifuijiegekuarianaurivuabeijiegemenakuariaefukiaebuinebinobunaebefokiragabugiavoijebukadudonekamebuvuanaatasenamianeifaejevoijiegerojaduajavamemaejejanaebekenoekuvagodifujakamemianeijenaenoijiakoregajaijianaoke,jonifuijiegekuarianaurivuabeijiegemenakuariaefukiaebuinebinobunaebefokiragabugiavoijebukadudonekamebuvuanaatasenamianeifaejevoijiegerojaduajavamemaejejanaebekenoekuvagodifujakamemianeijenaenoijiakoregajaijianaoke
00075,1,3,metiufo,matiu
00652,0,1,jaejejanaenabesuoenoeverovejakaurianaebemukoevierafeijaburetefaevekasibanekeijenaketuasenaeboejefaevetaoseninagorumiaevaijiakiroirenugunejatereijiautivaijejabevierafei,jaejejanaenabesuoenoeverovejakaurianaebemukoevierafeijaburetefaevekasibanekeijenaketuasenaeboejefaevetauseninagorumiaevaijiakiroirenugunejatereijiautivaijejabevierafei
00007,1,3,roebuajifuuribararutiabenaeobedinafeiroeobedifuurifarifuoneejesinafenogafuurifarifuonedevidieijefukiniremaijenafeiaremedevidifuurifarifuoneesoromoninafeiroasiefuoneijefueuraeadobara,roeboezifuuribararutiabenaeobedinafeiroeobedifuurifarifuoneejesinafenogafuurifarifuonedevidieijefukiniremaijenafeiaremedevidifuurifarifuoneesoromoninafeiroasiefuoneijefueuraeadobara
00017,0,1,ijiegerojesukuraesifubietevaijefuijiegebarameriasiefuoneijebuejosofumanidufuokuaerofuuriakabaekuabarunanaebenaemaijiafufueganamigakefukaveneakaeijadufuodaroijiafuefudiemafuijegae,ijiegerojesukuraesibubietevaijefuijiegebarameriasiefuoneijebuejosofumanidufuokuaerofuuriakabaekuabarunanaebenaemaijiafufueganamigakefukaveneakaeijadufuodaroijiafuefudiemafuijegae
00361,0,0,rovakumamazaijiekiijeabekumaebukauriuviarafaroanafabuoneijekorubuokenaunaforisivajiagabukaniabuoekerokukeameijebuunakuderiaorafabuoneijekorubuosikiagaforisibuvakaniabuoeke,rovakumamazaijiekiijeabekumaebukauriuviarafaroanafabuoneijekorubuokenaunaforisivajiagabukaniabuoekerokukeameijebuunakuderiaorafabuoneijekorubuosikiagaforisibuvakaniabuoeke
00371,0,0,roigiafieebuumeisesinaguekenaunaeguebuofuaevekuvabukamoniisesinabinokedufuoijiegerogodiasoejoneijefufuonevierafemaijiafuirekaisesinaijiekiijefuijuoegafiamobakirofukaoetuakinusamuagiamo,roigiafieebuumeisesinaguekenaunaeguebuofuaevekuvabukamoniisesinabinokedufuoijiegerogodiasoejoneijefufuonevierafemaijiafuirekaisesinaijiekiijefuijuoegafiamobakirofukaoetuakinusamuagiamo
01146,0,2,aremeeijekotofievoijebuneurinaugonefaebeabenajesudoniomeijeokuranakiraejaebuijiegerenauriuikubaefuoneijiaviufemadikinuijiakanaeroeguebuurinakuaeakumenaejenakuraesieijegodifukuamofuariruaemaijenokumei,aremeeijekotofievoijebuneurinaugonefaebeabenajesudoniomeijeokuranakirajaebuijiegerenauriuikubaefuoneijiaviufemadikinuijiakanaeroeguebuurinakuaeakumenaejenakuraesieijegodifukuamofuariruaemaijenokume
00534,0,0,buijiegekuavogafuunakiaeeijefuuijemaejekoremaijejaemaijiebuofariigena,buijiegekuavogafuunakiaeeijefuuijemaejekoremaijejaemaijiebuofariigena
01087,0,1,rofuirerefuoireudimukoreurimoigeabenausiaejiemaijefuvierafefukauriaigenanaebemakoarivaijiaabeusiaejienaamaeriekirofuijevierafei,rofuirerefuoireudimukoreurimoigeabenausiaejiemaijefuvierafefukauriaigenanaebemakoarivaijiaabeusiaejienaamaeriekirofuijevierafe
01097,0,1,jesufuijiegekuariamogaevuafuonefievoijebuvuaijefievobukaoefiaediaeijadufuoebesubesubuurizinuevenajesukuaeeireoboavierafeganabitenareijiegerekekenabakinokuae,jesufuijiegekuariamogaevuafuonefievoijebuvuaijefievobukaoefiadiaeijadufuoebesubesubuurizinuevenajesukuaeeireoboavierafeganabitenareijiegerekekenabakinokuae
00385,0,1,rokukeerarefueijegodidovuavierafenakuaevoijemukoreigiagianaoemarekinukaenamianasamuagiamoijefunemareifuijiegeremoijadufuofuiremaejegodifuefuonevajiamoijeguekedufuo,rokukeerarefueijegodidovuavierafenakuaevoijemukoreigiagianaoemarekinukaenamianasamuagiamoijefunemarefuijiegeremoijadufuofuiremaejegodifuefuonevajiamoijeguekedufuo
00081,0,0,jesufuijiegekuaramogasetanifuneunakukemesirinaaresidovejerusaremeijiavaefumesirinavakumaareireobobubanameisoevoijadufuokubigafianujae,jesufuijiegekuaramogasetanifuneunakukemesirinaaresidovejerusaremeijiavaefumesirinavakumaareireobobubanameisoevoijadufuokubigafianujae
00091,0,0,fuvanasaretikekerovefunaebeijiafinoerofunanavaarekafoniamuijiafiroareijefudogarerinafuemaivuakeijiarofuarezeburunekironafetariguoveijia,fuvanasaretikekerovefunaebeijiafinoerofunanavaarekafoniamuijiafiroareijefudogarerinafuemaivuakeijiarofuarezeburunekironafetariguoveijia
00378,0,0,buijiegerenafarifuuriasoefuoneziegafakerokabaefuuriasiefuoneziegafakerokukeasaefuofuuriasaefuoziegafake,buijiegerenafarifuuriasoefuoneziegafakerokabaefuuriasiefuoneziegafakerokukeasaefuofuuriasaefuoziegafake
00368,0,0,ijadufuoeisebuireisebinobinojoneregajadegianajumevoijadufuomaejevameisebuoneboejebinobinobumauikenurieterenoejoijeradegodifukenaunaeboejeijiebuoniomeijiasamadiregabugiake,ijadufuoeisebuireisebinobinojoneregajadegianajumevoijadufuomaejevameisebuoneboejebinobinobumauikenurieterenoejoijeradegodifukenaunaeboejeijiebuoniomeijiasamadiregabugiake
00104,0,1,fuijiegerenoekogaebuvuafuoneijedabekuaenaaresiriaguoveijiaoenoeijadufuoeboejeijiakarivaijebuvuaijefienaurieadameisebinobinoabevoijiakinaevajaefianerokaveneiseurasiaevaroeijebuitiresabaekiriavoijenekaenamianafuoneruaebukukeevajaegaradiaevaijekaenamianarovogafuamaeriamobuunamadiae,fuijiegerenoekogaebuvuafuoneijedabekuaenaaresiriaguoveijiaoenoeijadufuoeboejeijiakarivaijebuvuaijefienaurieadameisebinobinoabevoijiakinaevajaefianerokaveneiseurasiaevaroeijebuitiresabaekiravoijenekaenamianafuoneruaebukukeevajaegaradiaevaijekaenamianarovogafuamaeriamobuunamadiae
00098,0,0,jesufubiedianakiaeniireijejarenoejoijearegaronanuvediefojananuvedieganakijumeijejakaravoijiegevamenijasiagajaekaenamianokiae,jesufubiedianakiaeniireijejarenoejoijearegaronanuvediefojananuvedieganakijumeijejakaravoijiegevamenijasiagajaekaenamianokiae
00088,0,0,aremesetanifuneijiaarenavakogaaneraijiebearinajesuifejakinusamuae,aremesetanifuneijiaarenavakogaaneraijiebearinajesuifejakinusamuae
00347,0,1,javavuaijekuariakinuroeadagiijeamaeriabuunamadiakinuroeoevoijekiagabuunauriforokukenieijebuadamereforosiabevoijeamaeriabuunamadiafo,javavuaijekuariakinuroeadagiijeamaeriabuunamadiakinuroeoevoijekiagabuunauriforokukenieijebuadamereforasiabevoijeamaeriabuunamadiafo
00357,0,0,roigiafiejaejenaumekukorukoigegekenaeisesiroekuriaeesakiavoigekiuveijiauniagajavakeijadufuojavaimenoekuvanimukoreigiajonesamuanamikinuoevafaenakabuaekabuaekiijonemaijiarumenoeforojadeuribijaekinuroireisebinoregabuijadufuojakameisekafiavo,roigiafiejaejenaumekukorukoigegekenaeisesiroekuriaeesakiavoigekiuveijiauniagajavakeijadufuojavaimenoekuvanimukoreigiajonesamuanamikinuoevafaenakabuaekabuaekiijonemaijiarumenoeforojadeuribijaekinuroireisebinoregabuijadufuojakameisekafiavo
00512,0,1,rouijegueijebuduenamunuageadosakaeisekubenamoijiaarivaijejaeijebuoemarekinuvuaigemigegirefievoijene,rouijegueijebuduenamunuageadosakaeisekubenamoijiaarivaijejaeijebuoemarekinuvuaijemigegirefievoijene
00502,0,1,buijiegekuaravogajesufuunakiaenavamesauikiizegegodifuefuoneijiebuooeijesamuagiamoijenaneeijejananuvedievoijenekuariananijasiaerounaegueijenabesamuadukuanijasiakironameijiegekemenakuariake,buijiegekuaravogajesufuunakiaenavamesauikiizegegodifuefuoneijiebuooeijesamuagiamoijenaneeijejananuvedievoijenekuariananijasiaerounaegueijenabesamadukuanijasiakironameijiegekemenakuariake
00674,0,0,roerarefuumeigadufuosinuomeijeurukeoetuagarogodifuijuonemoeijekavenefuoneijefunedabeabuemerokukefuumeigadufuosinuomeijiebeifejagafuvamemakarivakoijeabekumabaki,roerarefuumeigadufuosinuomeijeurukeoetuagarogodifuijuonemoeijekavenefuoneijefunedabeabuemerokukefuumeigadufuosinuomeijiebeifejagafuvamemakarivakoijeabekumabaki
00664,0,1,rokukenareadaromagaagodidovamemaejeabeeboejekuariananijasiakinusamuagiakeroirerebinoebuumeigiarenoejoijeagiagafuisegaakuriaeronavafiamoijegodisaovegufiafinoijefuduafuijiegekuriaerenavafiake,rokukenareadaromagaagodidovamemaejeabeeboejekuariananijasiakinusamuagiakeroirerebinoebuumeigiarenoejoijeagiagafuisegaakuriaerenavafiamoijegodisaovegufiafinoijefuduafuijiegekuriaerenavafiake
00021,0,1,ijiegeroireboejeburevaijefuneizegeeireobofuisuibeasaeaevuafuonevierafenakuaemoijadufuooeijiavierafejamofukuaemafuneijiakumariarekirofuijeijerei,ijiegeroireboejeburevaijefuneizegeeireobofuisuibeasaeaevuafuonevierafenakuaemoijadufuooeijiavierafejamofukuaemafuneijiakumariarekirofuijeijierei
01102,0,1,aremefukukeunakafusiijeabenagodidobanameisoenaoemareiaremefuabenamiakinukiaedovuaeniigenavesenaabemiavoijefukavuanenoneigekiijadufuoniabeifoijadufuomaejegodirekavuanenoneijadufuoduvadoijiaeboejeijiebuoiseijegianaarekeroiseijefugianaaremoijiafuvameiviaekoijeamaerike,aremefukukeunakafusiijeabenagodidobanameisoenaoemarearemefuabenamiakinukiaedovuaeniigenavesenaabemiavoijefukavuanenoneigekiijadufuoniabeifoijadufuomaejegodirekavuanenoneijadufuoduvadoijiaeboejeijiebuoiseijegianaarekeroiseijefugianaaremoijiafuvameiviaekoijeamaerike
00369,0,0,rovuairerenamugukuariavoijenijasemazaijiausiaenadabeeboejekuariaforovuairerenomauikenuvuosukuakuaenoevaijenikaabeusiaenaareiroreboegiakuariavafo,rovuairerenamugukuariavoijenijasemazaijiausiaenadabeeboejekuariaforovuairerenomauikenuvuosukuakuaenoevaijenikaabeusiaenaareiroreboegiakuariavafo
00379,0,2,roegariburebumevajaefianesibanekevajiadufuoroeijebuvajaefianemauruvanavajadufuoijebunekaeaenagirebesukarijoijiebeadabearafirigaaisejavaeke,roegarieburebumevajaefianesibanekevajiadufuoroeijebuvajaefianemauruvanavajadufuoijebunekaeaenagirebesukarijoijiebeadabearafiragaaisejavaeke
00105,0,2,fuijiegerenoegaekauruvanabuurifunuvenadabearafirivaeearegarerikoijeaberoesidoveteniguoveijiakarivaijiebeurifunuvevaerokukeesidovejerusaremeijiakarivaijiakinaeaesakaejudiakarivaijeneroedojodenigarakarivauruvanaijiebeurifudabearafirivae,fuijiegerenoenogaekauruvanabuurifunuvenadabearafirivaeearegarerikoijeaberoesidoveteniguoveijiakarivaijiebeurifunuvevaerokukeesidovejerusaremeijiakarivaijiakinaeaesakaejudiakarivaijeneroedojodenigarakarivauruvanaijiebeurifudabearafirivae
00503,0,0,ijadufuoerarefuvuaijadufuomaejeguefunefienavierafemaijegodifuifejagafukukevuafuonemaejebinoduafiekinufivakeroerarefugodidovuaijadufuomaejefunaebemukoreigiafiekirovierafemoijegodifuvierafesibanekeijefuvierafemoijefukakamazagafumeijiegefivake,ijadufuoerarefuvuaijadufuomaejeguefunefienavierafemaijegodifuifejagafukukevuafuonemaejebinoduafiekinufivakeroerarefugodidovuaijadufuomaejefunaebemukoreigiafiekirovierafemoijegodifuvierafesibanekeijefuvierafemoijefukakamazagafumeijiegefivake
00513,0,1,buvuaijefierovebunaebeabeoebuoneijiagikikimanavierafeiijadufuoebuisebinobuonerenakameisekafiagabuisejavaevoijiabuonemavierafevoijebunekamigegirearevoijene,buvuaijefierovebunaebeabeoebuoneijiagikikimanavierafeijadufuoebuisebinobuonerenakameisekafiagabuisejavaevoijiabuonemavierafevoijebunekamigegirearevoijene
00346,0,0,nivabukarivaijiavuaigekuarianakiamazaijegodifuefuoneijiebuooeijesamuagiadufuoijefuneivuaremanokiafo,nivabukarivaijiavuaigekuarianakiamazaijegodifuefuoneijiebuooeijesamuagiadufuoijefuneivuaremanokiafo
00020,0,1,roeijefufudiemaijefukaveneakaeijadufuodaroijiafudiedofuamefaribietekumaaiveinajesukuakeijadufuomaejefureefuoneijiebuoiseijefurenoejoijekarauniakonokuae,roeijefufudiemaijefukaveneakaeijadufuodaroijiafudiedofuamefaribietekumaaiveinajesukuakeijadufuomaejefureefuoneijiebuoiseijeburenoejoijekarauniakonokuae
00665,0,0,roirereagiagabunemaregaaoemarekoburenoejoijegodisaovegufiafinoijefuduaijiegeoemarejiakonokuae,roirereagiagabunemaregaaoemarekoburenoejoijegodisaovegufiafinoijefuduaijiegeoemarejiakonokuae
00675,0,3,ijadufuomaejeemaijiebuofariigenaremazaradekumaijiaaneranoneijenaunaasoenoneijadufuosanaemaijiakumaruakearemenauriebesubesuizegebukenoevaijiagiakinuiremaejeroiseijebuonerejiadufuo,ijadufuomaejeemaijiebuofariigenaremazaradekumaijiaaneranoneijenaunaasoenoneijadufuosanaemaijiakumaruakearemenauriebesubesuizegebukenoevaijiagiakinuiremaejeroireiseijebuonerejiadufuo
00099,0,0,fuijiegekuariamogabunaebeitirefuoneabeakoerobumesarorubauriugiebuoneijeneijiaarenaurifunuvevae,fuijiegekuariamogabunaebeitirefuoneabeakoerobumesarorubauriugiebuoneijeneijiaarenaurifunuvevae
01113,0,0,aremejesufuneevuafuonefievoijenaaregesemeninokuavoijiavaebuvaijiausiaearemejesufuneurinaevuafuonefievoijekiaejaniigiakarikenavagafiabanameisoenokiae,aremejesufuneevuafuonefievoijenaaregesemeninokuavoijiavaebuvaijiausiaearemejesufuneurinaevuafuonefievoijekiaejaniigiakarikenavagafiabanameisoenokiae
01103,0,0,roigiafienaejenaiviamaigiaunagafegenabeunajaenadovuaeniigeikeronasonevakumaradegodidoaremaejeijiajaenaikonokiae,roigiafienaejenaiviamaigiaunagafegenabeunajaenadovuaeniigeikeronasonevakumaradegodidoaremaejeijiajaenaikonokiae
00547,0,0,rokukeigiafiegodiizegefuefuoneijiebuooeijesamuagiamoijefuugieijeebuabenadoonakijumebinobinokaravoijieki,rokukeigiafiegodiizegefuefuoneijiebuooeijesamuagiamoijefuugieijeebuabenadoonakijumebinobinokaravoijieki
01135,0,1,rovenavierafeireboejeiviamaremoijefukaijiegerekinavuairereboejeegodidovuavierafenakuaevobubukiakaeijiaisoevaijefuijiakumariarenokiaejesufuijiegekuariakoijiaevuafuonefievoboejebuneijiaurifunujanasubinavae,rovenavierafeireboejeiviamaremoijefukaijiegerekinavuairereboejeegodidovuavierafenakuaevobubukiakaeijiaisoevaijefuijiakumariarenokiaejesufuijiegekuariakoijiaevuafuonefievoboejebuneijiaurifunujanasubinaevae
00557,0,3,romakirafafuoneijebunoenaoenoejoijenonevierafeiijadufuoireboejefuizegeijerenoenokuaenabunekafuijuoneirovejesufukiaearebinobinoijiebeeijegodidovuavierafenakuaemoijadufuovuaijebukamukoefienaunafuirinavorounaeaganefuoneijiakiroesidovefuoneijiakarivaijebukaunafuijuoegafavonokuae,romakirafafuoneijebunoenaoenoejoijenonevierafeijadufuoireboejefuizegeijerenoenokuaenabunekafuijuonerovejesufukiaeearebinobinoijiebeeijegodidovuavierafenakuaemoijadufuovuaijebukamukoefienaunafuirinavorounaeaganefuoneijiakiroesidovefuoneijiakarivaijebukaunafuijuoegafavonokuae
01125,0,2,jesufuuriamaninavuakuariamoijiaevuafuonefiemobeejudasinokuavoijefuneijiakekeieijefuneeazokenoejoijiakinaezinoneifaejevoijiebuoemamekanuijiakiroejiusibuoemamekanubuuniajaevaijenaijiakekeieboejebuneurisimekinamaguijekenaijiausiae,jesufuuriamaninavuakuariamoijiaevuafuonefiemobeejudasinokuavoijefuneijiakekeieijefuneeazokenoejoijiakinaezinoneifaejevoijiebuoemamekanuijiakiroejiusibuoemamekanubuuniaejaevaijenaijiakekeeboejebuneurisimekinamaguijekenaijiausiae
00074,0,0,aremebufiekevuabesaovegufiakumeieijefukafarinonenaoetuavoijenenavamefuonefukenoenoijenagagafukaoemadiemonokumei,aremebufiekevuabesaovegufiakumeieijefukafarinonenaoetuavoijenenavamefuonefukenoenoijenagagafukaoemadiemonokumei
00064,0,2,rojadekuaekononoasaenuvuoneeburamedouifaridogodifubeijuoegafuokiroijiegekuaevoroveigiafiegodifuedarokidofumunegurekenaunaeeburamedoanafaamaeriagabureaejoneabekonokiae,rojadekuaekononoasaenuvuoneeburamedouifaridogodifubeijuoegafiakiroijiegekuaevoroveigiafiegodifuedarokidofumunegurekenaunaeeburamedoanafaamaeriagabureaejoneabekonokiae
00496,0,1,roguebuduenamunuageadoijiaarinabunekatavuaerovegiregebuonebunaebeurukesaeijadufuomaejesakaemaejefuisekubeijadufuobutavuaajiavofunemazakekekaniamobunekasaerei,roguebuduenamunuageadoijiaarinabunekatavuaerovegiregebuonebunaebeurukesaeijadufuomaejesakaemaejefuisekubeijadufuobutavuaajiavofunemazakekekaniamobunekasaere
01096,0,0,bukarinaireivoijiajesufuurinakiaevuaigenakamakuariaveeigejanaenakarivaijiaebefunaabenaunaeaniijemiagabukanienabaronekonokiae,bukarinaireivoijiajesufuurinakiaevuaigenakamakuariaveeigejanaenakarivaijiaebefunaabenaunaeaniijemiagabukanienabaronekonokiae
01086,0,0,ijadufuomaejeeijesinuomebakiijebumazaboejeuriajaenaigiakarinoekeronaejenavierafenabemazaboejeuriajaenaigiafinoedufuo,ijadufuomaejeeijesinuomebakiijebumazaboejeuriajaenaigiakarinoekeronaejenavierafenabemazaboejeuriajaenaigiafinoedufuo
00006,0,9,roeramefuurifarifuoneeamidadinafenogafuurifarifuoneenasoninafeiroenasonifuurifarifuoneesaromoninafenogafuurifarifuoneeboajinafeiroebuajidoasieijebarareabi,roeramefuurifarifuoneeaminadabinafenogafuurifarifuoneenasoninafeiroenasonifuurifarifuoneesaramoninafenogafuurifarifuoneeboezinafeiroeboezidoasieijebarareabi
00643,0,4,arememazabeeferesiijiakiroesejusiguebujesubiesirikuaruaeburuomafufinoijiausiaenakuaeavierafegaanemagodirekuamoaruaejoganivamesumikibinoniomenuvuoneijiareganoganaunaamavierafenokuae,arememazabeeferesiijiakiroesejusiguebujesubiesirikuaeruaeburuomafufinoijiausiaenakuaeavierafegaanemagodirekuamoaruaejoganivamesumikibeniomenuvuoneijiareganoganaunaamavierafenokuae
00653,0,3,rokukejabureteseveniijenaketuasenaefotaoseniijegorumiaevaijiakiroirenuguneijetereizegeutivaijejabevierafei,rokukejabureteseveniijenaketuasenaefotauseniijegorumiaevaijiakiroirenugunejatereizegeutivaijejabevierafei
00525,0,1,jesufuijiegekuariaaremeunakukevuabemenakuariaefukiagodiizegefuefuoneijiebuooeijefusamuagiamoijefuireuijekaisekubeinesirasunineigekiebefuabeoemaijieki,jesufuijiegekuariaaremeunakukevuabemenakuariaefukiaegodiizegefuefuoneijiebuooeijefusamuagiamoijefuireuijekaisekubeinesirasunineigekiebefuabeoemaijieki
00535,0,0,rojuareijejaaesakaeboegerouijemaejeijejagodidoeijebuvamemaijiakenoevoijenerofieneijejasetanidoeijeiserenoejoijene,rojuareijejaaesakaeboegerouijemaejeijejagodidoeijebuvamemaijiakenoevoijenerofieneijejasetanidoeijeiserenoejoijene
01147,0,1,ijadufuonieijeerareakanamoijekuoganofienearemenoijiavieraferoaejeanemaeijegodifukuamofuariruaemaijeronoijiegevierafenokuae,ijadufuonieijeerareakanamoijekuoganofienearemenoijiavieraferoajeanemaeijegodifukuamofuariruaemaijeronoijiegevierafenokuae
00370,0,0,rojadeeijebukavenejonebubakirobumevajaesurivejoneijiarukaniakuvejoijegianajumevoroeijejajumedufuoijenikagodiijefusuriveaberokavenejoneijekenamianeijemazaboejenaevakoijiakoregajanaonabakiredufuoijenejumefo,rojadeeijebukavenejonebubakirobumevajaesurivejoneijiarukaniakuvejoijegianajumevoroeijejajumedufuoijenikagodiijefusuriveaberokavenejoneijekenamianeijemazaboejenaevakoijiakoregajanaonabakiredufuoijenejumefo
00360,0,0,bujaijiegetoenamianakaenamiavagajadeurioeseradiavorokukejadevuairerejabukuariadufuoijerokukeizegejakuariakuvaijadufuooefianeabevojamazaijiekiijebiediavoijiavuairerejaunabukuariadufuoijejajarevierafekuvabakirovuaijefuasoejoneijadufuokaveneakaeijarevierafejiagajakuariadufuo,bujaijiegetoenamianakaenamiavagajadeurioeseradiavorokukejadevuairerejabukuariadufuoijerokukeizegejakuariakuvaijadufuooefianeabevojamazaijiekiijebiediavoijiavuairerejaunabukuariadufuoijejajarevierafekuvabakirovuaijefuasoejoneijadufuokaveneakaeijarevierafejiagajakuariadufuo
00384,0,0,roigiafieerarefujaoemarekinukaenamiamoijefukukenaoemarekinumesiriemeroerarefunaoemarekinumesiriemoijefukukeeijefukiemonaruaevaijeoemarekinumesirime,roigiafieerarefujaoemarekinukaenamiamoijefukukenaoemarekinumesiriemeroerarefunaoemarekinumesiriemoijefukukeeijefukiemonaruaevaijeoemarekinumesirime
00090,0,0,ijiegerenaradejesufufiekejonibunedabediburenujaevafienafuneunaurinaaregareriijiavae,ijiegerenaradejesufufiekejonibunedabediburenujaevafienafuneunaurinaaregareriijiavae
00080,0,0,fuijiegekuamogajesufuunakuaeisuibegodidovuabubukiakaeijiaisoevaijefuijiegekuaebarubarabubemazaboejeireijiaruinoekirobukagodidovuaijevierafenarenoeke,fuijiegekuamogajesufuunakuaeisuibegodidovuabubukiakaeijiaisoevaijefuijiegekuaebarubarabubemazaboejeireijiaruinoekirobukagodidovuaijevierafenarenoeke
00663,0,2,ijadufuoigiafieaejeiviamaiveonenafitakuakeroiveijadufuomaejetugiekagikikimaijeneijadufuonaenonenamavierafevoijenakenaauniaejakenauniaejagaaresamuagiagabuonemavierafevoijefukagikikimanarekerosetanidoeijebukadarobakidobuvameoneakenoenoijebubebijukuraejake,ijadufuoigiafieaejeiviamaiveonenafitakuakeroiveijadufuomaejetugiekagikikimanaijeneijadufuonaenonenamavierafevoijenakenaauniaejakenauniaejagaaresamuagiagabuonemavierafevoijefukagikikimanarekerosetanidoeijebukadarobakidobuvameoneakenoenoijebubebijukuraejake
00648,0,0,fuvakogaejesudovuafievoijebuurivanagebeabenadoijenafuemaijeuranairifogaravaeromazaijiabutotiamogaburetebinobuidufuoijebukanaebekenavae,fuvakogaejesudovuafievoijebuurivanagebeabenadoijenafuemaijeuranairifogaravaeromazaijiabutotiamogaburetebinobuidufuoijebukanaebekenavae
00658,0,0,aremejesufuneevuafuonefievoijenavakumaaesakaesesariafirifaeivuakeijiakekeifuijiakekenaurikiaejavierafegaebuemaijiebuofariigenagiekuvabueravierafekonokiae,aremejesufuneevuafuonefievoijenavakumaaesakaesesariafirifaeivuakeijiakekeifuijiakekenaurikiaejavierafegaebuemaijiebuofariigenagiekuvabueravierafekonokiae
01079,0,0,jesufuijiegekuariakogamazabesuijiaegodidozinoneifaejevoijiebuoemamekanuijiakinaejiusibuoemamekanuguebuneegodidozinoneifaejevoijiebuoeireoboekaefasidoareijiaafui,jesufuijiegekuariakogamazabesuijiaegodidozinoneifaejevoijiebuoemamekanuijiakinaejiusibuoemamekanuguebuneegodidozinoneifaejevoijiebuoeireoboekaefasidoareijiaafui
01101,0,0,aremebuuriakarinaireivoijiajesufuurinabureteabegodidobanameisoenaoemareiaremefuabetuasenakeevuafuonefievoijevajiakinukiaebureteigenakenavajiavoijefuvajaesurivenoneigekiijadufuonikenainokiae,aremebuuriakarinaireivoijiajesufuurinabureteabegodidobanameisoenaoemareiaremefuabetuasenakeevuafuonefievoijevajiakinukiaebureteigenakenavajiavoijefuvajaesurivenoneigekiijadufuonikenainokiae
01111,0,0,jesufuijiegekuaramogafitafuunakuaenavierafebukiekoaefuonebenokiekuvanabefekeijadufuomaejenavierafenaejenanekaosikibaronekirosamuaevanokuaefitafuijiegekuaramogaejesudovuafievoijebuduabukaurinavuabesuijiegejesukuarae,jesufuijiegekuaramogafitafuunakuaenavierafebukiekoaefuonebenokiekuvanabefekeijadufuomaejenavierafenaejenanekaosikibaronekirosamuaevanokuaefitafuijiegekuaramogaejesudovuafievoijebuduabukaurinavuabesuijiegejesukuarae
00022,0,1,rovuaijefukuaemaijebuijiegeisoebarakabaekuabefubarunanaebenaenofuefudienaamefaribebietegabueimanuverokuakeroiveijadufuomaejegodifunoena,rovuaijefukuaemaijebuijiegeisoebarakabaekuabefubarunanaebenaenofuefudienaamefaribebietegabueimanuerokuakeroiveijadufuomaejegodifunoena
00344,0,0,jesufuetueroeifuonemedufuoijenekenaaretireijiaunianavuaijiegekuariamobuvaefukiaejavakuvajadeejiusibakiijiebuoaesakaeijiavakorokukejadeesameriakobuosidoveijiabinoaruvako,jesufuetueroeifuonemedufuoijenekenaaretireijiaunianavuaijiegekuariamobuvaefukiaejavakuvajadeejiusibakiijiebuoaesakaeijiavakorokukejadeesameriakobuosidoveijiabinoaruvako
00354,0,0,jamazienaaretireijiaoenoegaebunaebejaoemarejianakaenamiakinuvuajonefiekuvaniarerosidoveijearenavaforokukeniuridiasurijonejasavoijeazonakuokuoijekaniakaniamaaremeniareijearenavafo,jamazienaaretireijiaoenoegaebunaebejaoemarejianakaenamiakinuvuajonefiekuvaniarerosidoveijearenavaforokukeniuridiasurijonejasavoijeazonakuokuoijekaniakaniamaaremeniareijearenavafo
00511,0,0,ireuijeguebuduenavameijiaarivoumeijiebekariivaijadufuozinumemaejefuijiegeeguebugodidovuamaejeigenaizegegodifuoebuoneijesamuagiamoijenakuariavobunefierovebuvuamaejebunaebeabeoebuoneijianijavebuikofiekofunesetanirekekenavuamaejeijefuneabevakoijene,ireuijeguebuduenavameijiaarivoumeijiebekariivaijadufuozinumemaejefuijiegeeguebugodidovuamaejeigenaizegegodifuoebuoneijesamuagiamoijenakuariavobunefierovebuvuamaejebunaebeabeoebuoneijianijavebuikofiekofunesetanirekekenavuamaejeijefuneabevakoijene
00501,0,1,aremeejesudovuafievobuurinarojesukuaevuaoneboejeaekuariamoijeairerefuoijiegemenakuariamonokuae,aremeejesudovuafievobuurinarojesukuaevuaoneboejeaekuariamoijeairerefuoijiegemenakuariaemonokuae
01084,0,0,roveevuafuonefievobuireijefuremoijegavobukaisediaeijadufuobuunabuekuaebaraijefuirerefuoiremaejedabenisemefunikaarekinafuabefuaevenamoniireoboabenaunaesinuomebakiijevajiakidofuaremanokuae,roveevuafuonefievobuireijefuremoijegavobukaisediaeijadufuobuunabuekuaebaraijefuirerefuoiremaejedabenisemefunikaarekinafuabefuaevenamoniireoboabenaunaesinuomebakiijevajiakidofuaremanokuae
01094,0,0,ijadufuobunevagafiausiaenavuairereboejejesufukuariaemaijianuvenairofasovabuidufuoijenekanafui,ijadufuobunevagafiausiaenavuairereboejejesufukuariaemaijianuvenairofasovabuidufuoijenekanafui
00362,0,0,janoefuoimevoijadufuoeboejebukajaziegafiadufuoroveerarebebuuriagiriesafaememarenanoefuoimenavakumaubineijiausiaevoeijegodifukarauniake,janoefuoimevoijadufuoeboejebukajaziegafiadufuoroveerarebebuuriagiriesafaememarenanoefuoimenavakumaubineijiausiaevoeijegodifukarauniake
00372,0,1,rokukenigofoujonebesubesubuijiairevaijegodifunevierafei,rokukenigofoujonebesubesubuijiairevaijegodifunevierafe
00537,0,0,rofieneijebunafenautimianeifaejevoijiegemazaradekumaijiafuvamebesuijiegeredufuo,rofieneijebunafenautimianeifaejevoijiegemazaradekumaijiafuvamebesuijiegeredufuo
01145,0,0,roiviamajanevuaiseizegefugodisinakuaemaijejanefieijadufuojavierafegaegurejadabeizegerekonokiaefuijiegekuariamogaeboejebuunaguekuaeeijefukuaefujefukagodikibesunokuaeijadufuonovierafenokadabekanafubaronekonokuae,roiviamajanevuaiseizegefugodisinakuaemaijejanefieijadufuojavierafegaegurejadabeizegerekonokiaefuijiegekuariamogaeboejebuunaguekuaeeijefukuaefujefukagodikibesunokuaeijadufuonovierafenokadabekanafubaronekonokuae
01155,0,2,aremefitafuveijiaunavuaijejesufuudekuaraemaijevierafeifukuaeamazainokubekebunoesinakuagaafemoijiakukorokofukumekonokuaemafuijevierafeiijadufuofukaurukeigiaoefiaemogafukekenamakaveijiaireobonimei,aremefitafuveijiaunavuaijejesufuudekuaraemaijevierafefukuaeamazainokubekebunoesinakuagaafemoijiakukorukofukumekonokuaemafuijevierafeiijadufuofukaurukeigiaoefiaemogafukekenamakaveijiaireobonimei
00651,0,0,rovejesufunegianaurikiaeeguriejonemavierafevoijefukamaisekubenanamaburetejanaebekeruaevaijadufuokuariavobakirojairerefuounavuaijenedabekuaeve,rovejesufunegianaurikiaeeguriejonemavierafevoijefukamaisekubenanamaburetejanaebekeruaevaijadufuokuariavobakirojairerefuounavuaijenedabekuaeve
00641,6,10,metiusiksitini,matiu
00004,0,0,roeuijeijebuuinuvenaruaevaijeijiegeeeburamefufarifuoneeaesekibietemogafuurifarifuoneejekafubieteifujekafubietemogafuuriejudakirouviarafafuoneijenafei,roeuijeijebuuinuvenaruaevaijeijiegeeeburamefufarifuoneeaesekibietemogafuurifarifuoneejekafubieteifujekafubietemogafuuriejudakirouviarafafuoneijenafei
00014,0,11,ijadufuoeeburameijiaruomaedevidifunafevaijiaeuiijeijebukaefotiniijiegerounakukeedevidouifareijiaruomamazaijeebabironiakobuusiaejerusaremesidovekenaaremeeisurerokobukaenamiababironivaevaijiaeuideijekukeefotiniijiege,ijadufuoeeburameijiaruomaedevidibunafevaijiaeuijeijebukaefotiniijiegerounakukeedevididouifariijiaruomamazaijeebabironikobuusiaejerusaremesidovekenaaremeeisurerokobukaenamiabebironivaevaijiaeuijebukukeefotiniijiege
00066,0,0,roeranebejavameisejoneboejejarenoevoijejanearevaijenakaenamiadoijiajaruoriakeroeijefuradenuvedieruomofuruakumafurekadureboejeoejoneijianaovoijekananamianeifaejeke,roeranebejavameisejoneboejejarenoevoijejanearevaijenakaenamiadoijiajaruoriakeroeijefuradenuvedieruomofuruakumafurekadureboejeoejoneijianaovoijekananamianeifaejeke
00555,0,0,fuijiakekenavaejiusibuoareisesinabuafuinavuakuaevoijiaarunaeijiakarivaijenevuanijasiaefuvuanijasiamogaebuvuafuoneijefievobukaoeseradiaeijadufuobuunabuekuaeeijefuizegevierafemukoreijiakirodaroijeabenavamesumikiijerenoenokuae,fuijiakekenavaejiusibuoareisesinabuafuinavuakuaevoijiaarunaeijiakarivaijenevuanijasiaefuvuanijasiamogaebuvuafuoneijefievobukaoeseradiaeijadufuobuunabuekuaeeijefuizegevierafemukoreijiakirodaroijeabenavamesumikiijerenoenokuae
01127,0,1,ijadufuojudasifunemigegirekekenajesumaninoijiamanimekuaeenijasiamokafaevoijefuobikinokuaenafuneurijesufarenauimi,ijadufuojudasifunemigegirekekenajesumaninoijiamanimekuaeenijasiamokafaevoijefuobikinokuanafuneurijesufarenauimi
00545,0,1,eijefumuneijiekiijerenenoenabegakumafukaoemarekefuoemarenaunavasinuomefuoneboejekenaunaeguebuofuaevenamoniabenaunamunemukoreijefuaevedufuo,eijefumuneijiekiijererenoenabegakumafukaoemarekefuoemarenaunavasinuomefuoneboejekenaunaeguebuofuaevenamoniabenaunamunemukoreijefuaevedufuo
01137,0,1,ijiegerenaeijejesufarenatoevaijebunefumesirinaekaefasidoareijiavaeijadufuomaejeevuaakaenijasiavoijiakinaemamekanuboejebubesuijiaafui,ijiegerenaeijejesufarenatoevaijebunefumesirinaekaefasedoareijiavaeijadufuomaejeevuaakaenijasiavoijiakinaemamekanuboejebubesuijiaafui
00494,0,2,fukianiebejuaemenofujuarefuoneijiauijedaejuokirovaemaijevierafefo,fukiaeniebejuaemenofujuarefuoneijiauijedaejukirovaemaijevierafefo
00508,0,1,rounaegurejananuvedievoijefunegodirenijoneijiakiroadanejoneijenemukoreigiaamaeriajiaeijadufuojanemukoreigiagiakinurovuanonefienavieraferonanemagodidofarirojaijiegevierafei,rounaegurejananuvedievoijefunegodirenijoneijiakiroadanejoneijenemukoreigiaamaeriaejiaeijadufuojanemukoreigiagiakinurovuanonefienavieraferonanemagodidofarirojaijiegevierafei
00518,0,1,jesufuijiegekuariamaaremefuunakukevuabeijiegemenakuariaefukiavameizegegodifuefuoneijiebuooeijesamuagiamoijefuebejuarefuoneijiauijemukoreijeabekoremaaremeunaarevaemaijieki,jesufuijiegekuariamaaremefuunakukevuabeijiegemenakuariaefukiaevameizegegodifuefuoneijiebuooeijesamuagiamoijefuebejuarefuoneijiauijemukoreijeabekoremaaremeunaarevaemaijieki
00082,0,0,aremesetanifuneurijesukuaeamagodidofarikumaniijiamaninaumakoenasakaedogamiaarineijadufuomaejeisuibebukiakaeijiabuijiegeisoegodireanerafuoneboejekiagabureasamuagake,aremesetanifuneurijesukuaeamagodidofarikumaniijiamaninaumakoenasakaedogamiaarineijadufuomaejeisuibebukiakaeijiabuijiegeisoegodireanerafuoneboejekiagabureasamuagake
00092,0,0,rojesuijefuurivaemaijefuneizegeasaeaegodidovuavierafenakuaemofuisuibekuaemaijiakumariarekirofuijiegerei,rojesuijefuurivaemaijefuneizegeasaeaegodidovuavierafenakuaemofuisuibekuaemaijiakumariarekirofuijiegerei
00386,0,1,rokukeerarefueijegodidovamemaijiarukenoenoijemukoreigiaganaoemarekinumesirinasamuamoijefunemareifuijiegeremoijadufuofuiremaejegodifuefuonevajiamoijeguekedufuo,rokukeerarefueijegodidovamemaijiarukenoenoijemukoreigiaganaoemarekinumesirinasamuamoijefunemarefuijiegeremoijadufuofuiremaejegodifuefuonevajiamoijeguekedufuo
01118,0,3,urinakojosamuanamikinubanameisoekinakaveneisesetanifujabiesiriakumajabemamoekenavierafeoejonebukabanameisoekuavieraferovebukavajaejoneijiebemamoevonokiae,urinakojosamuanakinubanameisoekinakaveneisesetanifujabiesiriakumajabemamoekenavierafeoejonebukabanameisoekuaevieraferovebukavajaejoneijiebemamoevonokiae
01108,0,0,roradegodifukieganaunauriaremenaudegarerivakejaradevuakonokiae,roradegodifukieganaunauriaremenaudegarerivakejaradevuakonokiae
00059,0,1,roejonisinuomefuonefusamoijefufanukamerouijiaamaeriaeromadarefuoneijefukukefanusuriijiaamaeriroirefuonefuinoijefumutuokiromuniviijeino,roejonisinuomefuonefusamoijefufanukamerouijiaamaeriaeromadarefuoneijefukukefanusuriijiaamaeriroirefuonefuinoijefumutuekiromuniviijeino
01154,0,0,rovefitafukaurigodikuranakiaenavierafenakufuimekuvaijefugodirenadabeisekafiekeijadufuonakamakuariavoigiafiefoeijejakuaevoijenakanaebevierafevanokiaefitafuijiegekuariakogasarorubakukorukofuijiakumei,rovefitafukaurigodikuranakiaenavierafenakufuimekuvaijefugodirenadabeisekafiekeijadufuonakamakuariavoigiafiefoeijejakuaevoijenakanaebevierafevanokiaefitafuijiegekuariakogasarorubakukorukofuijiakumei
00526,0,0,roinesunineijefukaisekuberovefuabejuareijiaokumafutavuanakaineireoborekearemeumeboejeburoijianaebuonemedufuovamebesuijiegeiviamagodidoeijebusibanekeuruvanareveroradebukaemauruvanaunaefuonerekonokiae,roinesunineijefukaisekuberovefuabejuareijiaokumafutavuanakaineireoborekearemeumeboejeburoijianaebuonemedufuovamebesuijiegeiviamagodidoeijebusibanekeuruvanareveroradebukaemauruvanaunaefuonerekonokiae
01144,0,0,fuijiegekuariamogaezinoneifaejevoijiebuoeireoboijefuvuaijefiemofukadefaruiijadufuofuurinaugonefuonefusaemaijefaradiafaraearemefuurinaeijekotofievoijekiaevuaijefunekorufuoijifurekikuaemeijadufuonavierafenounaebinoeranekiagabuvuaisefuonebinokuaruoganofiekuvabaki,fuijiegekuariamogaezinoneifaejevoijiebuoeireoboijefuvuaijefiemofukadefaruiijadufuofuurinaugonefuonefusaemaijefaradiafaraearemefuurinaeijekotofievoijekiaevuaijefunekorufuoijifurekikuaemeijadufuonavierafenounaebinoeranekiagabuvuaisefuonebinokuaruoganofiekuvabaki
00536,0,0,roeaniijefufienedaejumoijesetaniromazaijeuijekanafuivoijejamazaradekumaijegodifueumeigekemaziegiadufuoijeneroeijeuijekanafuivoijejagodidoaneraijene,roeaniijefufienedaejumoijesetaniromazaijeuijekanafuivoijejamazaradekumaijegodifueumeigekemaziegiadufuoijeneroeijeuijekanafuivoijejagodidoaneraijene
00373,0,0,roumeisesinaijiakironigofouijebukaireisesinarovegodifunefuonevierafemaijiaireijefuuriamukoesamuagiamerojaduajakagodidoireanuigifuoetuakinumukoreigiasamuagiamoijadufuojadejumevo,roumeisesinaijiakironigofouijebukaireisesinarovegodifunefuonevierafemaijiaireijefuuriamukoesamuagiamerojaduajakagodidoireanuigifuoetuakinumukoreigiasamuagiamoijadufuojadejumevo
00363,0,0,rokukejasidovebeijiavagaebujakaniakinuvameisebinojonerekuvanisidoveijearenaunabeijiavaforoigiafiesidoveboejeareisureroguoveijiakarinoevaijeguevuanonejanaebeabekuariafurivaijiaemaijiebuofariigenaunaruakonokiae,rokukejasidovebeijiavagaebujakaniakinuvameisebinojonerekuvanisidoveijearenaunabeijiavaforoigiafiesidoveboejeareisureroguoveijiakarinoevaijeguevuanonejanaebeabekuariafurivaijiaemaijiebuofariigenaunaruakonokiae
00015,0,1,rounamazaijebukaenamiababironivaevaijiaruomaeijegodifuabeenuvuoneeireoboremaijebubietevaijiauijebukukeefotiniijiege,rounamazaijebukaenamiababironivaevaijiaruomaeijegodifuabeenuvuoneeireoboremaijebubietevaijiaeuijebukukeefotiniijiege
00005,0,4,aremejudafuuriameinokiroeferejikiroejeranafeiroasiebuoneijebaratamaroeferejefuurifarifuoneeezironinafenogafureurifarifuoneeramenafei,aremejudafuuriameinokiroeferezekiroezeranafeiroasiebuoneijebaratamaroeferezefuurifarifuoneeezironinafenogafureurifarifuoneeramenafei
00650,0,0,jesufuijiegekuariamogabuvieraferofubiteburetebunaebekevuaevaijadufuokuaemorobumemauikekarinaunabuekuae,jesufuijiegekuariamogabuvieraferofubiteburetebunaebekevuaevaijadufuokuaemorobumemauikekarinaunabuekuae
01095,0,0,aremevefunemusiremogajesufuneetuerovuafuonefievoijenafatairifoijiakariufuaenoenaaremeirei,aremevefunemusiremogajesufuneetuerovuafuonefievoijenafatairifoijiakariufuaenoenaaremeirei
01085,0,1,buijiegekuaevogajesufunegianaurikiaejairerefuobaraguradufuovierafeijenedabearafirijavenavierafeireijefureremaijefukairemukoreijenoefuorei,buijiegekuaevogajesufunegianaurikiaejairerefuobaraguradufuovierafeijenedabearifirijavenavierafeireijefureremaijefukairemukoreijenoefuorei
00495,0,1,eijefunevauijekorenoekouijeguebuduenavameijeebuoenoevoirifoijiaarivobuneumeijiebearinakarii,eijefunevauijekorenoekouijeguebuduoenavameijeebuoenoevoirifoijiaarivobuneumeijiebearinakarii
00077,0,0,aremeveijiagodidokaveneijefuneurijesumesirinadabeaesaoijiavakogasetanifubiesiri,aremeveijiagodidokaveneijefuneurijesumesirinadabeaesaoijiavakogasetanifubiesiri
00067,0,0,aremefukaveneakaeijeabenajanujaejiakefurefumaeanuigironaejenaeanuigibakiijadufuonananaebemanidonadiasurifuonefusaemaijeazojadufuo,aremefukaveneakaeijeabenajanujaejiakefurefumaeanuigironaejenaeanuigibakiijadufuonananaebemanidonadiasurifuonefusaemaijeazojadufuo
00544,0,0,rokukegodiefuoneijiebuooeijefusamuagiamoijefueijefumunekanimukoreijefuaevekirorerenoenoijieki,rokukegodiefuoneijiebuooeijefusamuagiamoijefueijefumunekanimukoreijefuaevekirorerenoenoijieki
01126,0,0,rojudasifuneuriaeijefukaenamianaruaemaijeijurianakiaejagieganavaeizenefareuimiganieijenefaretonokiae,rojudasifuneuriaeijefukaenamianaruaemaijeijurianakiaejagieganavaeizenefareuimiganieijenefaretonokiae
00554,0,0,jesufuvuaijiegemenakuariamafurinafuneunaarefuoneijiavae,jesufuvuaijiegemenakuariamafurinafuneunaarefuoneijiavae
00093,0,2,rovuaijefukuaemaijebuijiegeisoeeaesakaejeburunekironafetaribuouifariijebudojodenigaravameijedavaenakevaemairifoijiakariroeijiebuoaesakaeijebukuagarerinokuavoroaesakaeijeejiusibakiijebukauruvanaijiakari,rovuaijefukuaemaijebuijiegeisoeeaesakaezeburunekironafetaribuouifariijebudojodenigaravameijedavaenekevaemairifoijiakariroeijiebuoaesakaeijebukuagarerinokuavoroaesakaeijeejiusibakiijebukauruvanaijiakari
00083,0,0,roaumakoekumaburedabenaarivakumasakaedoijianujakuvaabearinaoekananamikerokukediaoneijeabekenamuneijiakaniatuasekonokuae,roaumakoekumaburedabenaarivakumasakaedoijianujakuvaabearinaoekananamikerokukediaoneijeabekenamuneijiakaniatuasekonokuae
00519,0,0,funeunavakogamugebeeboejebuneninaokogaeanibefumauikekekenauijenibeiseijeabenauijemaejekafareijiakoremafunevae,funeunavakogamugebeeboejebuneninaokogaeanibefumauikekekenauijenibeiseijeabenauijemaejekafareijiakoremafunevae
00509,0,2,ronakamakuariavoigiafiefoegodidovuavierafenakuaevoboejerokukeeboejebugodidovamemaejeijiarukenoevaijebukavuamaejeigefiekuaekarinaijafuneirokukebukairereigejaiviamagiavoijenegiakuaeireoboijafuneirovenibuoneijiabebukanaebegaerofie,ronakamakuariavoigiafiefoegodidovuavierafenakuaevoboejerokukeeboejebugodidovamemaejeijiarukenoevaijebukavuamaejeigefiekuaekarinaijafunerokukebukairereigejaiviamagiavoijenegiakuaeireoboijafunerovenibuoneijiabebukanaebegaerofie
01109,0,0,jesufuijiegekuariamogafitafuunakuaeeireobonavierafebuegueijiebeanujanasubinaevakironaejenabeanujanakovakonokuae,jesufuijiegekuariamogafitafuunakuaeeireobonavierafebuegueijiebeanujanasubinaevakironaejenabeanujanakovakonokuae
01119,0,1,fuijiegekuariaaremefuneunafuosukuakukebanameisoekirovaefuvabanameisoenakuaeateasoenoavierafegavajaefianeigenaabekuvejoijenauriaijiaisejavaenavakumabaronekuvaijefunemareiijadufuomaejenavierafeirerearevierafemaijefukarekonokuae,fuijiegekuariaaremefuneunafuosukuakukebanameisoekirovaefuvabanameisoenakuaeateasoenoavierafegavajaefianeigenaabekuvejoijenauriaijiaisejavaenavakumabaronekuvaijefunemareijadufuomaejenavierafeirerearevierafemaijefukarekonokuae
00058,0,1,rojoniijiegefukuaemaijefuasaeaegodidovuavierafenakuaemoijarefuefuoisuibeijiegekuaeebefuaesaoijiafinakumeieireoboijadufuovameijemukoreigiaurariamaerinasamuagafuronokumei,rojoniijiegefukuaemaijefuasaeaegodidovuavierafenakuaemoijarefuefuoisuibeijiegekuaeebefuaesaoijiafinakumeieireoboijadufuovameijemukoreigiaurariamaerinasamuagafuronokume
00387,0,0,roigiafieebeerarefuvieraferojaejejaevuanonefievoijerofuuriireisesinabinoifejiamoijegodireradevamemabinofuonerekonokiae,roigiafieebeerarefuvieraferojaejejaevuanonefievoijerofuuriireisesinabinoifejiamoijegodireradevamemabinofuonerekonokiae
00659,0,3,fuijiegekuariamogaevuafuonefievobuunakuaenovierafeeguebuaganavieraferoajonieijedoruoriamoijerobuijiegevieraferoguebuvieraferoaeeraejaroguebukuaeaezerimaearobaaegodidovuavierafenakuaemobenokuae,fuijiegekuariamogaevuafuonefievobuunakuaenovierafeeguebuaganavieraferoajonieijeedoruoriamoijerobuijiegevieraferoguebuvieraferoaeiraejaroguebukuaeaejerimaearobaaegodidovuavierafenakuaemobenokuae
00649,0,0,ijadufuobumauikebuonekarinaunaijadufuokuaevebuijiegekarinakuaevojesufugianaurikiaejaoenoekuvanieferesiijiakiroesejusiijiebuoireisitiijemukoreigiaakariafo,ijadufuobumauikebuonekarinaunaijadufuokuaevebuijiegekarinakuaevojesufugianaurikiaejaoenoekuvanieferesiijiakiroesejusiijiebuoireisitiijemukoreigiaakariafo
01110,0,2,rovejesufuunakuaefitavuaigenakamakuaravononimukoefieneiviamugekukorokofunaebekumemaijiaebunoefuokuakuvaakafekeamazainokubekefenakiakonaeijenakanaebevierafevanokiakekukorokofuijiakumekonokuae,rovejesufuunakuaefitavuaigenakamakuaravononimukoefieneiviamugekukorukofunaebekumemaijiaebunoefuokuakuvaakafekeamazainokubekefenakiakonaeijenakanaebevierafevanokiakekukorukofuijiakumekonokuae
01100,0,1,jesufuijiegekuariamogajudasieijejesuabeunaeaniijemiadufuoijefuurijesukuaeeireoboavierafegaeijenanarenokuaerojesufuunaguekuakeijenavierafeireijearerekonokuae,jesufuijiegekuariamogajudasieijejesuabeunaeaniijemiadufuoijefuurijesukuaeeireoboavierafegaeijenanarenokuaerojesufuunaguekuaekeijenavierafeireijearerekonokuae
01078,0,1,jesufuvuaboejeijiegekuariamafuriaremeunaevuafuonefievoijekiaemazaijeejiusibuirofasovabuidufuoijefunemuinokironamoijejanevierafeiijadufuoigiafiemazaijiaemaijiebuofariigenabuabenaeaniijemiagabudabekurosiijiakaniekonokiae,jesufuvuaboejeijiegekuariamafuriaremeunaevuafuonefievoijekiaemazaijeejiusibuirofasovabuidufuoijefunemuinokironamoijejanevierafeijadufuoigiafiemazaijiaemaijiebuofariigenabuabenaeaniijemiagabudabekurosiijiakaniekonokiae
00023,0,1,ijadufuojosofifunenaemasuokeurinaizegeeireoboijadufuoanerafukuaraemaijiegefunebarameriabei,ijadufuojosofufunenaemasuokeurinaizegeeireoboijadufuoanerafukuaraemaijiegefunebarameriabei
00666,0,0,aremejesufuurievuafuonefievoijekuriaerenakiaejadevaeguekiananakuraesieijebukuaefuruakonokuaevaijenokuariakuvanokiae,aremejesufuurievuafuonefievoijekuriaerenakiaejadevaeguekiananakuraesieijebukuaefuruakonokuaevaijenokuariakuvanokiae
00676,0,1,rovuaigenakamakuariavofiefoiviamaegurejakarivaijiaeguejakaoefuridufuoroguejaniuriakarivaijiaemaijiebuofariigenaunakinirenaeboejesamuagiakirorogajagiekonokiae,rovuaigenakamakuariavofiefoiviamaegurejakarivaijiaeguejakaoefuridufuoroguejaniuriakarivaijiaemaijiebuofariigenaunakinirenaeboegesamuagiakirorogajagiekonokiae
00510,0,0,ijadufuonivuaijenaabeeijefuuijekorenoemaijiamenakuariaevaijadufuomaejemukoevierafekenakuariafo,ijadufuonivuaijenaabeeijefuuijekorenoemaijiamenakuariaevaijadufuomaejemukoevierafekenakuariafo
00355,0,1,rovuaigenakamakuariavemazaradukumaijegodifuunaumeigiaeiserenoevoijekenamaziegiakumaijiaaresodomekirogomoraijefumesibanekekenaisekafiakerounaeijeerarebebujaijuoegafiavoijefukakamevameiseijiaisekafiagabuisejavaeke,rovuaigenakamakuariavemazaradekumaijegodifuunaumeigiaeiserenoevoijekenamaziegiakumaijiaaresodomekirogomoraijefumesibanekekenaisekafiakerounaeijeerarebebujaijuoegafiavoijefukakamevameiseijiaisekafiagabuisejavaeke
00345,0,1,rojavakuanimeeisurerokoijebumavesifiigegesauinakaisemakarinoevoijiebuoareijiavafo,rojavakuvanimeeisurerokoijebumavesifiigegesauinakaisemakarinoevoijiebuoareijiavafo
